0	Robert Balog	http://energy.ece.tamu.edu/BalogResearchLab/index.php	\N	http://scholar.google.com/citations?user=ARbJn1UAAAAJ&hl&hl=en	rbalog@tamu.edu	Ph.D., University of Illinois, Urbana-Champaign, 2006
1	Miroslav M. Begovic	http://engineering.tamu.edu/electrical/people/begovic-miroslav	\N	http://scholar.google.com/citations?user=PQ3x-98AAAAJ&hl&hl=en	begovic@tamu.edu	Ph.D., Electrical Engineering, Virginia Polytechnic Institute and State University 
2	Shankar P. Bhattacharyya 	http://ece.tamu.edu/~bhatt/index.htm	http://engineering.tamu.edu/media/1892723/bhatt-bio-june-2014.pdf	http://scholar.google.com/citations?user=M7d5yukAAAAJ&hl&hl=en	spb@tamu.edu	Ph.D., Rice University, 1971 
3	Ulisses Braga Neto 	http://ece.tamu.edu/~ulisses/index.html	\N	http://scholar.google.com/citations?user=TkFr66cAAAAJ&hl&hl=en	ulisses@tamu.edu	Ph.D., The Johns Hopkins University, 2002, Electrical & Computer Engineering 
4	Karen Butler-Purry 	http://psalserver.tamu.edu/	\N	http://scholar.google.com/citations?user=744MNp0AAAAJ&hl&hl=en	klbutler@tamu.edu	B.S. E.E. Southern Univeristy at Baton Rouge 1985
5	Pierce Cantrell, Jr. 	http://engineering.tamu.edu/electrical/people/pcantrell	\N	http://scholar.google.com/citations?user=Y8tZWPQAAAAJ&hl=en&oi&hl=en	p-cantrell@tamu.edu	B. S. 1970, M. S. 1971, Ph.D. 1981, Georgia Institute of Technology 
6	Jean-Francois Chamberland	http://ece.tamu.edu/~chmbrlnd/index.html	\N	http://scholar.google.com/citations?user=8Dk3NR0AAAAJ&hl=en	chmbrlnd@tamu.edu	Ph.D., University of Illinois, Urbana-Champaign, 2004 
7	Kai Chang	http://engineering.tamu.edu/electrical/people/kchang	\N	http://scholar.google.com/citations?user=ONDZHj0AAAAJ&hl&hl=en	kaichang@tamu.edu	Ph.D., University of Michigan, 1976 
8	Gwan Choi	http://cesg.tamu.edu/faculty/gwan-choi/	\N	http://scholar.google.com/citations?user=A22OCmEAAAAJ&hl&hl=en	gwanchoi@tamu.edu	Ph.D., electrical and computer engineering, University of Illinois at Urbana-Champaign. 1994
9	Aniruddha Datta 	http://gsp.tamu.edu/	\N	http://scholar.google.com/citations?user=P5JyacgAAAAJ&hl&hl=en	a-datta@tamu.edu	PhD. (Electrical Engineering), University of Southern California, 1991.
10	Edward R. Dougherty	http://gsp.tamu.edu/	\N	http://scholar.google.com/citations?user=DvTVkcEAAAAJ&hl&hl=en	\N	 Ph.D., Mathematics, Rutgers University, New Brunswick, NJ. 1974
11	Nick Duffield	http://cesg.tamu.edu/faculty/nick-duffield/	\N	http://scholar.google.com/citations?user=hrQOcZcAAAAJ&hl=en	duffieldng@tamu.edu	BA, the University of Cambridge, UK, 1982
12	Mehrdad Ehsani 	http://www.ece.tamu.edu/~pemdl/	http://engineering.tamu.edu/media/1942491/EhsaniResume.pdf	http://scholar.google.com/citations?user=StYGKp0AAAAJ&hl&hl=en	m-ehsani@tamu.edu	Ph.D., University of Wisconsin-Madison, 1981 
13	Ohannes Eknoyan 	http://engineering.tamu.edu/electrical/people/oeknoyan	\N	http://scholar.google.com/citations?user=en&user=KpSxmDMAAAAJ&hl=en	eknoyan@tamu.edu	Ph.D., Columbia University, 1975 
14	Prasad Enjeti 	http://engineering.tamu.edu/electrical/people/penjeti	\N	http://scholar.google.com/citations?user=_k579FQAAAAJ	enjeti@tamu.edu	Ph.D., Electrical Engineering, Concordia University, Montreal, Canada 1988 
15	Kamran Entesari	http://ece.tamu.edu/~kentesar/index.html	http://engineering.tamu.edu/media/3491610/entesari_cv_feb16.pdf	http://scholar.google.com/citations?user=_ZYmEFEAAAAJ&hl&hl=en	kentesar@tamu.edu	Ph.D. University of Michigan, Ann Arbor, 2005
16	Costas N. Georghiades 	http://www.ece.tamu.edu/~georghiades/	http://ece.tamu.edu/~georghiades/Georghiades_CV.pdf	http://scholar.google.com/citations?user=ibOPXRMAAAAJ&hl=en&oi=ao&hl=en	\N	D.Sc., Washington University, 1985 
17	Paul Gratz	http://cesg.tamu.edu/faculty/paul-gratz/	http://cegroup.ece.tamu.edu/~pgratz/pgratz_cv_full.pdf	http://scholar.google.com/citations?user=O9teRZsAAAAJ&hl&hl=en	pgratz@tamu.edu	PhD in Electrical and Computer Engineering from the University of Texas at Austin, December 2008. 
18	Arum Han	http://biomems.tamu.edu/	\N	http://scholar.google.com/citations?user=FylQGNsAAAAJ&hl&hl=en	arum.han@tamu.edu	Ph.D. Georgia Institute of Technology, 2005
19	H. Rusty Harris	http://ece.tamu.edu/~rharris/index.html	\N	http://scholar.google.com/citations?user=expfr3sAAAAJ&hl=en&oi&hl=en	\N	Doctor of Philosophy, Texas Tech University, 2003, Electrical & Computer Engineering
20	Philip Hemmer 	http://engineering.tamu.edu/electrical/people/phemmer	\N	http://scholar.google.com/citations?user=s_RofqEAAAAJ&hl&hl=en	prhemmer@tamu.edu	Ph.D., MIT, 1984, Physics 
21	I-Hong Hou	http://cesg.tamu.edu/faculty/ihong-hou/	http://cesg.tamu.edu/wp-content/uploads/2012/08/vitae.pdf	http://scholar.google.com/citations?user=o3xoRqoAAAAJ&hl&hl=en	ihou@tamu.edu	B.S. in Electrical Engineering from National Taiwan University in 2004
22	Sebastian Hoyos	http://ece.tamu.edu/~hoyos/hoyos/	\N	http://scholar.google.com/citations?user=m3CPqcQAAAAJ&hl&hl=en	hoyos@tamu.edu	Ph.D. University of Delaware, 2004
23	Jiang Hu	http://cesg.tamu.edu/faculty/jiang-hu/	\N	http://scholar.google.com/citations?user=TWw91rQAAAAJ&hl&hl=en	jianghu@tamu.edu	 B.S. degree in optical engineering from Zhejiang University (China) in 1990
24	Garng M. Huang 	http://engineering.tamu.edu/electrical/people/g-huang	\N	http://scholar.google.com/citations?user=n-HG2x4AAAAJ&view_op=list_works&hl=en	ghuang@tamu.edu	D.Sc., Washington University, 1980 
25	Gregory Huff	http://www.ghhuff.com/	\N	http://scholar.google.com/citations?user=RIaya0EAAAAJ&hl&hl=en	ghuff@tamu.edu 	Ph.D. University of Illinois, Urbana-Champaign 2006
26	Jim Ji 	http://ece.tamu.edu/~jimji/index.htm	\N	http://scholar.google.com/citations?user=-532LA0AAAAJ&hl&hl=en	jimji@tamu.edu	PhD University of Illinois at Urbana-Champaign, 2003
27	Jun Kameoka	http://engineering.tamu.edu/electrical/people/jkameoka	\N	http://scholar.google.com/citations?user=8kUeABoAAAAJ&hl&hl=en	kameoka@tamu.edu	Ph.D., Cornell University, 2002 
28	Aydin Karsilayan 	http://engineering.tamu.edu/electrical/people/akarsilayan	\N	http://scholar.google.com/citations?user=RV_2AB4AAAAJ&hl&hl=en	karsilay@tamu.edu	B.S. and M.S. degrees in Electrical Engineering from Bilkent University, Ankara, Turkey in 1993 and 1995 
29	Mladen Kezunovic 	http://smartgridcenter.tamu.edu/resume/kezresume.html	http://smartgridcenter.tamu.edu/resume/bkezunov.htm	http://scholar.google.com/citations?user=OsMCgSkAAAAJ&hl&hl=en	\N	University of Kansas Ph.D., Electrical Engineering, 1980
30	Sunil Khatri 	http://www.ece.tamu.edu/~sunil/	http://www.ece.tamu.edu/~sunil/	http://scholar.google.com/citations?user=S-WUCLIAAAAJ&hl&hl=en	\N	Ph.D. University of California, Berkeley, December 1999 
31	Laszlo B. Kish	http://www.ece.tamu.edu/~noise/Research%20and%20Personal%20Webpages.html	\N	http://scholar.google.com/citations?user=fVJ8twEAAAAJ&hl&hl=en	laszlokish@tamu.edu	Doctor of Science (Physics), Hungarian Academy of Science, 2001
32	P.R. Kumar	http://cesg.tamu.edu/faculty/p-r-kumar/	\N	http://scholar.google.com/citations?user=qGUpTVwAAAAJ&hl&hl=en	prk@tamu.edu	D.Sc. in Systems Science and Mathematics from Washington University, St. Louis, in 1977
33	Peng Li	http://cesg.tamu.edu/faculty/peng-li/	http://dropzone.tamu.edu/~pli/cv_pengli.pdf	http://scholar.google.com/citations?user=kDc7Zg8AAAAJ&hl&hl=en	pli@tamu.edu	Ph.D., Electrical and Computer Engineering from Carnegie Mellon University, Pittsburgh, PA, in 2003
34	Pao Tai Lin	http://engineering.tamu.edu/electrical/people/lin-pao-tai	\N	http://scholar.google.com/citations?user=zZ3fIb0AAAAJ&hl=en&oi&hl=en	\N	Ph.D., Materials Science and Engineering, Northwestern University
35	Tie Liu	http://engineering.tamu.edu/electrical/people/tliu	\N	http://scholar.google.com/citations?user=ryt2nuoAAAAJ&hl&hl=en	tieliu@tamu.edu	Ph.D. University of Illinois-Urbana-Champaign, 2006
36	Mi Lu	http://cesg.tamu.edu/faculty/mi-lu/	\N	http://scholar.google.com/citations?user=crjEvpQAAAAJ&hl&hl=en	mlu@ece.tamu.edu	Ph.D. in Electrical Engineering from Rice University in 1987
37	Christi K. Madsen	http://engineering.tamu.edu/electrical/people/cmadsen	\N	http://scholar.google.com/citations?user=-qAqFAcAAAAJ&hl&hl=en	cmadsen@tamu.edu 	Ph.D., Rutgers University New Brunswick, NJ,1996 
38	Krzysztof Arkadiusz Michalski 	http://engineering.tamu.edu/electrical/people/kmichalski	\N	http://scholar.google.com/citations?user=en&user=FeHRAbIAAAAJ&hl=en	\N	Ph.D., Electrical Engineering, University of Kentucky, Lexington, Kentucky, USA, 1981 
39	Scott L. Miller 	http://ece.tamu.edu/~smiller/index.html	\N	http://scholar.google.com/citations?user=_Ka6uJMAAAAJ&hl&hl=en	smiller@tamu.edu	BS in Electrical Engineering, University of California, San Diego, June 1985. 
40	Krishna Narayanan	http://www.ece.tamu.edu/~krn	http://engineering.tamu.edu/media/448660/narayanancv.pdf	http://scholar.google.com/citations?user=wDBtIUkAAAAJ&hl&hl=en	krn@tamu.edu	Ph.D. in Electrical Engineering, Dec 1998 Georgia Institute of Technology, Atlanta, GA
41	Robert D. Nevels	http://ece.tamu.edu/~eml/index.html	\N	http://scholar.google.com/citations?user=fH8i6ZMAAAAJ&hl&hl=en	r-nevels@tamu.edu	Ph.D., EE, University of Mississippi, Oxford, Mississippi 
42	Cam Nguyen	http://ece.tamu.edu/~sics/index.html	\N	http://scholar.google.com/citations?user=en&user=hIL52f8AAAAJ&hl=en	cnguyen@tamu.edu	Ph.D., Electrical Engineering, University of Central Florida, 1987-1990
43	Sam Palermo	http://ece.tamu.edu/~spalermo/index.html	http://www.ece.tamu.edu/~spalermo/docs/cv_samuel_palermo.pdf	http://scholar.google.com/citations?user=cwWE0lsAAAAJ&hl=en&oi&hl=en	spalermo@tamu.edu	Ph.D. Stanford University, 2007
44	Sung Park	http://engineering.tamu.edu/electrical/people/park-sung	\N	\N	\N	Stanford University, Ph.D., Electrical Engineering
45	Xiaoning Qian 	http://engineering.tamu.edu/electrical/people/qian-xiaoning	\N	http://scholar.google.com/citations?user=dXGlddgAAAAJ&hl&hl=en	xqian@tamu.edu	Ph.D., Yale University
46	Narasimha Reddy	http://cesg.tamu.edu/faculty/narasimha-reddy/	http://cesg.tamu.edu/wp-content/uploads/2012/02/res_ext03.pdf	http://scholar.google.com/citations?user=en&user=NbHZDW4AAAAJ&hl=en	reddy@tamu.edu	 B.Tech. degree in Electronics and Electrical Communications Engineering from the Indian Institute of Technology, Kharagpur, India, in August 1985
47	Peter Rentzepis	http://engineering.tamu.edu/electrical/people/rentzepis-peter	\N	http://scholar.google.com/citations?user=bSDYeuMAAAAJ&hl&hl=en	prentzepis@tamu.edu	University of Cambridge, England, Ph.D.
48	Raffaella Righetti	http://engineering.tamu.edu/electrical/people/rrighetti	\N	http://scholar.google.com/citations?user=s_uhNtoAAAAJ&hl=en&oi&hl=en	rrighetti@tamu.edu	Doctor of Philosophy, University of Houston
49	B. Don Russell 	http://psalserver.tamu.edu/	\N	http://scholar.google.com/citations?user=72iY-nYAAAAJ&hl&hl=en	bdrussell@tamu.edu	Ph.D., Electrical Engineering, University of Oklahoma, 1975
50	Edgar Sanchez-Sinencio	http://ece.tamu.edu/~sanchez/	\N	http://scholar.google.com/citations?user=AK0KIdAAAAAJ&hl&hl=en	s-sanchez@tamu.edu	Ph.D. University of Illinois, Champaign-Urbana, 1974
51	Serap Savari	http://engineering.tamu.edu/electrical/people/ssavari	\N	http://scholar.google.com/citations?user=2guN_7YAAAAJ&view_op=list_works&hl=en	savari@tamu.edu	Ph.D., Massachusetts Institute of Technology, 1996
52	Erchin Serpedin	http://ece.tamu.edu/~serpedin/index.html	\N	http://scholar.google.com/citations?user=THi_ypMAAAAJ&hl&hl=en	eserpedin@tamu.edu	Ph.D. in Electrical Engineering, University of Virginia, Charlottesville, VA, January 1999.
53	Srinivas Shakkottai	http://cesg.tamu.edu/faculty/sshakkot/	\N	http://scholar.google.com/citations?user=HtpmINIAAAAJ&hl&hl=en	sshakkot@tamu.edu	Ph.D. Electrical Engineering, University of Illinois at Urbana-Champaign, 2007
54	Yang Shen	http://ttic.uchicago.edu/~yshen	\N	http://scholar.google.com/citations?user=0M0vGccAAAAJ&hl=en	yshen@tamu.edu	Ph.D., Systems Engineering, Boston University, 2008
55	Weiping Shi	http://cesg.tamu.edu/faculty/weiping-shi/	\N	http://scholar.google.com/citations?user=m1x4qEkAAAAJ&hl&hl=en	wshi@tamu.edu	Ph.D. University of Illinois, Urbana-Champaign
56	Jose Silva-Martinez	http://engineering.tamu.edu/electrical/people/jsilvamartinez	\N	http://scholar.google.com/citations?user=AgEKSKsAAAAJ&hl&hl=en	\N	Ph.D., The Katholieke Universiteit Leuven, Belgium
57	Chanan Singh	http://ece.tamu.edu/~singh/index.htm	\N	http://scholar.google.com/citations?user=fKGkje8AAAAJ&hl&hl=en	singh@ece.tamu.edu	Ph.D., Electrical Engineering, University of Saskatchewan, Canada.
58	Alex Sprintson	http://cesg.tamu.edu/faculty/spalex/	\N	http://scholar.google.com/citations?user=PNZn3loAAAAJ&hl=en&oi&hl=en	spalex@ece.tamu.edu	Ph.D. Electrical Engineering, Technion-Israel Institute of Technology, Haifa, Isreal, 2003
59	Chin B. Su	http://engineering.tamu.edu/electrical/people/csu	\N	http://scholar.google.com/citations?user=sJDP7AwAAAAJ&hl&hl=en	c-su4831@tamu.edu	Ph.D.  1979, Brandeis University (Physics)
60	Hamid A. Toliyat	http://ece.tamu.edu/~empelab/index.htm	\N	http://scholar.google.com/citations?user=aHlwUzMAAAAJ&hl&hl=en	toliyat@tamu.edu	Ph.D., University of Wisconsin-Madison, May 1991 
61	Karan L. Watson	http://engineering.tamu.edu/electrical/people/kwatson	\N	http://scholar.google.com/citations?user=lQeoBBwAAAAJ&hl&hl=en	watson@tamu.edu	Ph.D., Texas Tech University, 1982 
62	Mark H. Weichold	http://engineering.tamu.edu/electrical/people/mweichold	\N	http://scholar.google.com/citations?user=DBHRDTUAAAAJ&hl&hl=en	m-weichold@tamu.edu	Ph.D., Texas A&M University, December 1983
63	Steven M. Wright	http://www.ece.tamu.edu/~mrsl/index.html	\N	http://scholar.google.com/citations?user=X_arEpUAAAAJ&hl&hl=en	smwright@tamu.edu	Ph.D. (EE)        University of Illinois, 1984 
64	Le Xie	http://www.ece.tamu.edu/~lxie/index.html	\N	http://scholar.google.com/citations?user=JmeGCHYAAAAJ&hl&hl=en	le.xie@tamu.edu	Ph.D. Electrical and Computer Engineering, Carnegie Mellon University, 2009
65	Zixiang Xiong	http://www.ece.tamu.edu/~zxx/index.html	\N	http://scholar.google.com/citations?user=BCBUDMcAAAAJ&hl&hl=en	\N	Ph.D. in EE, University of Illinois at Urbana-Champaign (UIUC), 1996
66	Byung-Jun Yoon	http://engineering.tamu.edu/electrical/people/bjyoon	\N	http://scholar.google.com/citations?user=KxPLjXkAAAAJ&hl=en&oi&hl=en	bjyoon@tamu.edu	Ph.D., California Institute of Technology, 2007 
67	Peng Yu	http://yubiolab.wordpress.com/	\N	http://scholar.google.com/citations?user=hfKZFOMAAAAJ&hl&hl=en	pengy@tamu.edu	Ph.D., Computer Engineering, The University of Texas at Austin, 2009
68	Xi Zhang	http://www.ece.tamu.edu/~xizhang/	\N	http://scholar.google.com/citations?user=MBy1hH4AAAAJ&hl&hl=en	xizhang@tamu.edu	Ph.D., Department of Electricl Engineering and Computer Science (Electrical Engineering--Systems), The University of Michigan, Ann Arbor. 
69	Jun Zou	http://engineering.tamu.edu/electrical/people/jzou	\N	http://scholar.google.com/citations?user=wC3vkNQAAAAJ&hl&hl=en	junzou@tamu.edu	Ph.D., University of Illinois at Urbana-Champaign, 2002 
70	Tanzir Ahmed	http://engineering.tamu.edu/cse/people/ahmed-tanzir	\N	\N	tanzir@tamu.edu	\N
71	Nancy M. Amato	http://engineering.tamu.edu/cse/people/namato	http://engineering.tamu.eduhttps://parasol.tamu.edu/people/amato/cv.pdf	http://scholar.google.com/citations?user=AmaB9c4AAAAJ&hl=en&oi=ao&hl=en	amato@cse.tamu.edu	Ph.D. Computer Science, University of Illinois at Urbana-Champaign, 1995
72	Riccardo Bettati	http://faculty.cse.tamu.edu/bettati	\N	http://scholar.google.com/citations?user=LiAGLcwAAAAJ&hl=en&hl=en	\N	Ph.D. in Computer Science, University of Illinois at Urbana-Champaign, 1994
73	James Caverlee	http://faculty.cse.tamu.edu/caverlee/	http://engineering.tamu.edu/media/525286/caverlee-cv-2012.pdf	http://scholar.google.com/citations?user=LB1dq_sAAAAJ&hl=en&hl=en	\N	Ph.D., Computer Science, Georgia Institute of Technology, 2007
74	Jinxiang Chai	http://faculty.cse.tamu.edu/jchai/	\N	http://scholar.google.com/citations?user=OcN1_gwAAAAJ&hl=en&hl=en	jchai@tamu.edu	Ph.D., School of Computer Science, Carnegie Mellon University, 2006
75	Jianer Chen	http://faculty.cse.tamu.edu/chen/	http://faculty.cse.tamu.edu/chen/	http://scholar.google.com/citations?user=0zVOVQ0AAAAJ&hl=en&hl=en	chen@cse.tamu.edu	Ph.D. Mathematics, Columbia University, 1990
76	Yoonsuck Choe	http://faculty.cse.tamu.edu/choe/	\N	http://scholar.google.com/citations?user=nFb_T4wAAAAJ&hl=en&hl=en	choe@cse.tamu.edu	Ph.D. Computer Sciences, University of Texas at Austin, 2001
77	Dilma Da Silva	http://faculty.cse.tamu.edu/dilma/	\N	http://scholar.google.com/citations?user=b32YyLIAAAAJ&hl=en&hl=en	dilma@cse.tamu.edu	Ph.D. Computer Science, Georgia Institute of Technology, 1997
78	Walter Daugherity	http://faculty.cse.tamu.edu/daugher/	http://engineering.tamu.edu/media/525610/walterd.pdf	http://scholar.google.com/citations?user=pVjND1EAAAAJ&hl=en&hl=en	daugher@tamu.edu	Ed.D., Mathematical Education, Harvard University, Cambridge, Massachusetts, 1977.
79	Tim Davis	http://faculty.cse.tamu.edu/davis	http://faculty.cse.tamu.edu/davis/background_files/Davis_vitae.pdf	\N	davis@tamu.edu	PhD, University of Illinois at Urbana-Champaign, 1989
80	Anandi Dutta	http://engineering.tamu.edu/cse/people/dutta-anandi	http://engineering.tamu.edu/media/4121360/anandi_dutta_resume.pdf	\N	anandixd@tamu.edu	\N
81	Richard Furuta	http://www.csdl.tamu.edu/~furuta/	http://engineering.tamu.edu/media/525694/furutacv.pdf	http://scholar.google.com/citations?user=vygtLDcAAAAJ&hl=en&hl=en	furuta@cse.tamu.edu	Ph.D. Computer Science, University of Washington, 1986
82	Bruce Gooch	http://engineering.tamu.edu/cse/people/gooch-bruce	\N	http://scholar.google.com/citations?user=KAgv5asAAAAJ&hl=en&hl=en	gooch@cse.tamu.edu	Ph.D. in Computer Science -- specializing in Computer Graphics, University of Utah, 2003
83	Guofei Gu	http://faculty.cse.tamu.edu/guofei/	\N	http://scholar.google.com/citations?user=SRC3O-4AAAAJ&hl=en&hl=en	guofei@cse.tamu.edu	Ph.D. Computer Science, Georgia Institute of Technology, 2008
84	Ricardo Gutierrez-Osuna	http://psi.cse.tamu.edu/people/ricardo-gutierrez-osuna/	http://engineering.tamu.edu/media/526072/rgo_cv.pdf	http://scholar.google.com/citations?user=UnuQfEwAAAAJ&hl=en&hl=en	\N	Ph.D., Computer Engineering, North Carolina State University, 1998
85	Tracy Anne Hammond	http://faculty.cse.tamu.edu/hammond/	\N	http://scholar.google.com/citations?user=wlp2c0IAAAAJ&hl=en&hl=en	\N	Ph.D. (Computer Science), Massachusetts Institute Technology
86	Xia (Ben) Hu	http://faculty.cs.tamu.edu/xiahu/	\N	http://scholar.google.com/citations?user=pcCS60IAAAAJ&hl=en&hl=en	hu@cse.tamu.edu	Ph.D., Computer Science, Arizona State University, 2015
87	Jeff Huang	http://engineering.tamu.edu/cse/people/huang-jeff	http://engineering.tamu.eduhttps://parasol.tamu.edu/people/jeff/cv.pdf	http://scholar.google.com/citations?user=UmrxW60AAAAJ&hl=en&hl=en	jeff@cse.tamu.edu	Ph.D.  Computer Science, Hong Kong University of Science and Technology, 2012
88	Ruihong Huang	http://faculty.cse.tamu.edu/huangrh/	\N	http://scholar.google.com/citations?user=Jl8mvzAAAAAJ&hl=en&hl=en	huangrh@tamu.edu	Ph.D., Computer Science, University of Utah, 2014
89	Thomas R. Ioerger	http://engineering.tamu.edu/cse/people/tioerger	\N	http://scholar.google.com/citations?user=OfcXtoIAAAAJ&hl=en&hl=en	\N	Ph.D., Computer Science, University of Illinois at Urbana-Champaign, 1996
90	Roozbeh Jafari	http://engineering.tamu.edu/cse/people/jafari-roozbeh	\N	http://scholar.google.com/citations?user=ZKg1UKwAAAAJ&hl=en&hl=en	rjafari@tamu.edu	Post-doctoral Fellowship, University of California, Berkeley, 2006-2007
91	Anxiao (Andrew) Jiang	http://faculty.cse.tamu.edu/ajiang/	http://engineering.tamu.edu/media/527068/jiangcv.pdf	http://scholar.google.com/citations?user=Av9OoKMAAAAJ&hl=en&hl=en	ajiang@cse.tamu.edu	Ph.D. Electrical Engineering, California Institute of Technology, 2004
92	Daniel A. Jiménez	http://faculty.cse.tamu.edu/djimenez/	http://engineering.tamu.edu/media/527419/jimenezcv.pdf	http://scholar.google.com/citations?user=kajXr5oAAAAJ&hl=en&hl=en	\N	Ph.D. in Computer Sciences, Department of Computer Sciences, The University of Texas at Austin
93	Andruid Kerne	http://ecologylab.cse.tamu.edu	http://ecologylab.net/people/andruid/andruidCV.pdf	http://scholar.google.com/citations?user=TD6dCG0AAAAJ&hl=en&hl=en	\N	Ph.D, Computer Science, New York University 2001
94	John Keyser	http://faculty.cse.tamu.edu/keyser	http://engineering.tamu.edu/media/528801/keysercv.pdf	http://scholar.google.com/citations?user=K4o-D-cAAAAJ&hl=en&hl=en	keyser@cse.tamu.edu	Ph.D. Computer Science University of North Carolina at Chapel Hill, August 2000
95	Eun Jung Kim	http://faculty.cse.tamu.edu/ejkim	http://engineering.tamu.edu/media/529097/ejkim_cv.pdf	http://scholar.google.com/citations?user=sc9YppcAAAAJ&hl=en&hl=en	ejkim@cse.tamu.edu	Ph.D. Computer Science and Engineering, Pennsylvania State University, 2003
96	 Andreas Klappenecker	http://faculty.cse.tamu.edu/klappi/	\N	http://scholar.google.com/citations?user=QKzwvNgAAAAJ&hl=en&hl=en	klappi@cse.tamu.edu	Ph.D. Computer Science, University of Karlsruhe
97	Hyunyoung Lee	http://faculty.cse.tamu.edu/hlee/	http://engineering.tamu.edu/media/530135/hyunyoung-lee-cv.pdf	http://scholar.google.com/citations?user=SIVnT74AAAAJ&hl=en&hl=en	hlee@cse.tamu.edu	Ph.D., Computer Science, Texas A&M University , College Station, TX 2001
98	Teresa Leyk	http://courses.cs.tamu.edu/teresa/	http://engineering.tamu.edu/media/529567/teresaleykcv.pdf	\N	teresa@cse.tamu.edu	PhD, Mathematics, Australian National University, Canberra, Australia 1998
99	Jyh-Charn (Steve) Liu	http://rtds.cse.tamu.edu/	\N	http://scholar.google.com/citations?user=DI23xwMAAAAJ&hl=en&hl=en	liu@cse.tamu.edu	 PH.D., Electrical & Computer Engineering, University of Michigan, 1989 
100	Dmitri Loguinov	http://irl.cse.tamu.edu/people/dmitri/	http://engineering.tamu.edu/media/1296864/resume.pdf	http://scholar.google.com/citations?user=JSidYKQAAAAJ&hl=en&hl=en	dmitri@cse.tamu.edu	Ph.D. Computer Science, City University of New York, 2002
101	Rabi N. Mahapatra	http://codesign.cs.tamu.edu/people/director/	http://engineering.tamu.edu/media/1296865/resume-online.pdf	http://scholar.google.com/citations?user=PHGvd5cAAAAJ&hl=en&hl=en	rabi@cse.tamu.edu	Ph.D. Computer Engineering, Indian Institute of Technology, 1992
102	J. Michael Moore	http://faculty.cse.tamu.edu/jmichael/	http://engineering.tamu.edu/media/1787130/j-michael-moore-cv.pdf	http://scholar.google.com/citations?user=dUsrPFQAAAAJ&hl=en&hl=en	\N	PhD, Computer Science, Texas A&M University, 2007
103	Robin Murphy	http://faculty.cse.tamu.edu/murphy	\N	http://scholar.google.com/citations?user=SIcRijoAAAAJ&hl=en&hl=en	murphy@cse.tamu.edu	Ph.D. Computer Science, Georgia Institute of Technology, 1992
104	Michael Quinn	http://engineering.tamu.edu/cse/people/quinn-michael	\N	\N	m.d.quinn@tamu.edu	Master of Science Degree, Electrical Engineering, University of Southern California, 1978
105	Daniel Ragsdale	http://engineering.tamu.edu/cse/people/ragsdale-daniel	\N	http://scholar.google.com/citations?user=kgkqAmYAAAAJ&hl=en&hl=en	rags@cse.tamu.edu	Ph.D. Computer Science, Texas A&M University, 2001
106	Lawrence Rauchwerger	http://parasol.tamu.edu/~rwerger	http://engineering.tamu.edu/media/531613/cv_-_lawrence-rauchwerger.pdf	http://scholar.google.com/citations?user=ronge0AAAAAJ&hl=en&hl=en	\N	Ph.D. Computer Science, University of Illinois at Urbana-Champaign, 1995
107	Philip Ritchey	http://faculty.cse.tamu.edu/ritchey/	\N	\N	\N	Ph.D., Computer Science, Purdue University, 2015
108	Vivek Sarin	http://faculty.cse.tamu.edu/sarin/	http://faculty.cse.tamu.edu/sarin/CV_01_2006.html	http://scholar.google.com/citations?user=4vLOo4wAAAAJ&hl=en&hl=en	sarin@cse.tamu.edu	Ph.D. Computer Science, University of Illinois at Urbana-Champaign, 1997
109	Scott Schaefer	http://faculty.cse.tamu.edu/schaefer/	http://faculty.cs.tamu.edu/schaefer/web_cv.pdf	http://scholar.google.com/citations?user=tIgxLTUAAAAJ&hl=en&hl=en	\N	 Ph.D. Computer Science Rice University 2006  
110	Dylan Shell	http://robotics.cse.tamu.edu/dshell/	http://engineering.tamu.edu/media/1296866/cv.pdf	http://scholar.google.com/citations?user=Qt-JcygAAAAJ&hl=en&hl=en	dshell@cse.tamu.edu	PostDoc. Robotics, University of Southern California, 2009
111	Frank M. Shipman	http://www.csdl.tamu.edu/~shipman/	http://engineering.tamu.edu/media/537370/cv_-_frank_shipman.pdf	http://scholar.google.com/citations?user=w0hg2MoAAAAJ&hl=en&hl=en	\N	Ph.D. Computer Science, University of Colorado, 1993
112	Dezhen Song	http://faculty.cse.tamu.edu/dzsong	http://engineering.tamu.edu/media/1296867/dezhensongcv.pdf	http://scholar.google.com/citations?user=jdSlREMAAAAJ&hl=en&hl=en	dzsong@cse.tamu.edu	Ph.D. Industrial Engineering and Operations Research, University of California, Berkeley, 2004
113	Radu Stoleru	http://faculty.cse.tamu.edu/stoleru	\N	http://scholar.google.com/citations?user=beAeG20AAAAJ&hl=en&hl=en	\N	Ph.D., Computer Science, University of Virginia, 2007
114	Shinjiro Sueda	http://people.tamu.edu/~sueda/	http://engineering.tamu.edu/media/4054611/sueda.pdf	http://scholar.google.com/citations?user=mBqenhsAAAAJ&hl=en&hl=en	sueda@tamu.edu	Post-doctoral Fellowship, Disney Research Boston & MIT, 2012-2013
115	Sing-Hoi Sze	http://faculty.cse.tamu.edu/shsze/	\N	http://scholar.google.com/citations?user=wwkGLrcAAAAJ&hl=en&hl=en	shsze@cse.tamu.edu	Ph.D. Computer Science, University of Southern California, 2000
116	Valerie E. Taylor	http://engineering.tamu.edu/cse/people/vtaylor	\N	http://scholar.google.com/citations?user=UUWrt60AAAAJ&hl=en&hl=en	taylor@cse.tamu.edu	Ph.D. Electrical Engineering and Computer Science, University of California, Berkeley, 1991
117	Aakash Tyagi 	http://engineering.tamu.edu/cse/people/tyagi-aakash	\N	\N	tyagi@cse.tamu.edu	Ph.D. Computer Engineering, University of Louisiana, Lafayette, Louisiana, 1993
118	Duncan M. "Hank" Walker	http://faculty.cse.tamu.edu/walker/	\N	\N	walker@cse.tamu.edu	Ph.D., Computer Science, Carnegie Mellon University, 1986
119	Zhangyang (Atlas) Wang	http://engineering.tamu.edu/cse/people/wang-zhangyang-(atlas)	http://engineering.tamu.edu/media/3810755/cv_zwang.pdf	http://scholar.google.com/citations?user=pxFyKAIAAAAJ&hl=en&hl=en	atlaswang@tamu.edu	Ph.D., Electrical and Computer Engineering, University of Illinois at Urbana-Champaign, Expected: 2016
120	Jennifer Welch	http://parasol.cse.tamu.edu/people/welch	http://engineering.tamu.eduhttps://parasol.tamu.edu/people/welch/cv.pdf	http://scholar.google.com/citations?user=_BSIZHAAAAAJ&hl=en&hl=en	welch@cse.tamu.edu	Ph.D., Computer Science, Massachusetts Institute of Technology, 1988
121	Tiffani L. Williams	http://faculty.cse.tamu.edu/tlw	http://engineering.tamu.edu/media/537075/cv_-.pdf	\N	tlw@cse.tamu.edu	Ph.D. Computer Science, University of Central Florida, 2000
122	Meigan Aronson	http://physics.tamu.edu/people/maronson/	\N	\N	\N	A.B., Bryn Mawr College, 1980
123	Amine Benzerga	http://engineering.tamu.edu/materials/people/abenzerga	http://engineering.tamu.edu/media/3542864/benzergacv.pdf	http://scholar.google.com/citations?user=ecKQPpAAAAAJ&hl&hl=en	benzerga@tamu.edu	2000: Ph.D., Material Science & Engineering, Ecole des Mines de Paris, France
124	Tahir Cagin	http://engineering.tamu.edu/materials/people/tcagin	http://engineering.tamu.edu/media/4127224/tahir-cagin-cv-.pdf	http://scholar.google.com/citations?user=dd4j9a0AAAAJ&hl=en&hl=en	tcagin@tamu.edu	Ph.D., Clemson University, 1988
125	Raymundo Case	http://engineering.tamu.edu/materials/people/case-raymundo	http://engineering.tamu.edu/media/4050115/dr-raymundo-case-cv.pdf	http://scholar.google.com/citations?user=YHsoZKQAAAAJ&hl&hl=en	\N	Ph.D., University of Manchester, UK, 2002
126	Homero Castaneda	http://engineering.tamu.edu/materials/people/castaneda-homero	http://engineering.tamu.edu/media/2417841/castaneda-lopez-cv.pdf	http://scholar.google.com/citations?user=UgBJGEAAAAAJ&hl=en&hl=en	hcastaneda@tamu.edu	1997-2001	Ph.D.	Materials Science and Eng., Penn State University, University Park, PA
127	Terry Creasy	http://engineering.tamu.edu/materials/people/creasy-terry	http://engineering.tamu.edu/media/846063/tcreasy.pdf	http://scholar.google.com/citations?user=I7OGeI0AAAAJ&hl=en	tcreasy@tamu.edu 	Ph.D., Mech Eng, University of Delaware, 1997
128	Michael J. Demkowicz	http://engineering.tamu.edu/materials/people/demkowicz-michael-j	\N	http://scholar.google.com/citations?user=nlqWYP8AAAAJ&hl&hl=en	demkowicz@tamu.edu	Ph.D. Mechanical Engineering, Massachusetts Institute of Technology, 2005
129	Karl 'Ted' Hartwig	http://engineering.tamu.edu/materials/people/hartwig-karl-ted	http://engineering.tamu.edu/media/3287183/hartwig-cv.pdf	http://scholar.google.com/citations?user=G1E9GcUAAAAJ&btnA&hl=en	thartwig@tamu.edu	Ph.D. Metallugical Engineering University of Wisconsin, Madison 1977
130	Ibrahim Karaman	http://engineering.tamu.edu/materials/people/karaman-ibrahim	http://engineering.tamu.edu/media/846221/karaman-cv.pdf	http://scholar.google.com/citations?user=gmpVub8AAAAJ&hl=en	ikaraman@tamu.edu	Ph.D. Mechanical Engineering, University of Illinois, Urbana-Champaign, Illinois, 2000.
131	Dimitris Lagoudas	http://engineering.tamu.edu/materials/people/dlagoudas	http://engineering.tamu.edu/media/567524/lagoudascv.pdf	http://scholar.google.com/citations?user=U38296AAAAAJ&hl&hl=en	d-lagoudas@tamu.edu	Postdoctoral Studies, Theoretical and Applied Physics/Mechanics, Cornell University, USA, and Max Planck Institute, Germany, 1986-88
132	Pao-Tai Lin	http://engineering.tamu.edu/materials/people/lin-pao-tai	\N	http://scholar.google.com/citations?user=zZ3fIb0AAAAJ&hl&hl=en	paolin@tamu.edu	Ph.D., Materials Science and Engineering, Northwestern University
133	Alan Needleman	http://engineering.tamu.edu/materials/people/aneedleman	http://engineering.tamu.edu/media/3427350/needleman-cv.pdf	http://scholar.google.com/citations?user=GUdTBf0AAAAJ&hl=en	needle@tamu.edu	Ph.D. Harvard University, 1971
134	Esad Ozmetin	http://engineering.tamu.edu/materials/people/eozmetin	http://engineering.tamu.edu/media/2228270/ozmetin.pdf	http://scholar.google.com/citations?user=liupoIIAAAAJ&hl=en&hl=en	eozmetin@tamu.edu	May 2009 Texas A&M University College Station, TX / USA Ph.D. in Physics, Materials Science and Engineering
135	Xiaofeng Qian	http://people.tamu.edu/~feng	http://engineering.tamu.edu/media/2158112/qian-cv.pdf	http://scholar.google.com/citations?user=bK7fFKoAAAAJ&hl=en	feng@tamu.edu	Ph.D. Nuclear Science and Engineering, Massachusetts Institute of Technology, Cambridge, MA, USA 2008
136	Miladin Radovic	http://engineering.tamu.edu/materials/people/mradovic	http://engineering.tamu.edu/media/846560/radovic-cv.pdf	http://scholar.google.com/citations?user=ih-uZbYAAAAJ&hl=en	mradovic@tamu.edu	Ph.D., Materials Science and Engineering, Drexel University, Philadelphia, PA, Jun 2001
137	Patrick Shamberger	http://engineering.tamu.edu/materials/people/pshamberger	http://engineering.tamu.edu/media/1115212/shamberger.pdf	http://scholar.google.com/citations?user=T5wU3pAAAAAJ&hl=en	\N	Ph.D. Materials Science and Engineering, University of Washington; Seattle, WA, 2010.
138	Ankit Srivastava	http://engineering.tamu.edu/materials/people/srivastava-ankit	http://engineering.tamu.edu/media/2647004/cv_ankit.pdf	http://scholar.google.com/citations?user=FhZtFr0AAAAJ&hl&hl=en	ankit.sri@tamu.edu	Ph.D. Materials Science and Engineering, University of North Texas, Denton, Texas, 2013
139	Hung-Jue Sue	http://engineering.tamu.edu/materials/people/sue-hung-jue	http://engineering.tamu.edu/media/384955/sue-cv-2013.pdf	http://scholar.google.com/citations?user=jNIviWEAAAAJ&hl=en&hl=en	hjsue@tamu.edu	Ph. D. Macromolecular Science and Engineering Program, The University of Michigan, Ann Arbor, Michigan 1988
140	Svetlana A. Sukhishvili	http://engineering.tamu.edu/materials/people/sukhishvili-svetlana	http://engineering.tamu.edu/media/2560581/Svetlana-A-Sukhishvili.pdf	http://scholar.google.com/citations?user=q4_MTU8AAAAJ&hl&hl=en	svetlana@tamu.edu	Ph.D. in Polymer Chemistry, Moscow State University, Russia, 1989
141	Ramesh Talreja	http://engineering.tamu.edu/materials/people/rtalreja	\N	\N	talreja@tamu.edu	\N
142	Terry Alfriend	http://engineering.tamu.edu/aerospace/people/talfriend	\N	http://scholar.google.com/citations?user=yTtnzTAAAAAJ&hl=en&oi=ao&hl=en	alfriend@tamu.edu	PhD - Va. Tech., Engineering Mechanics 1967 
143	Mark Avnet	http://engineering.tamu.edu/aerospace/people/mavnet	\N	http://scholar.google.com/citations?user=oKpwXdYAAAAJ&hl=en&oi=ao&hl=en	avnet@tamu.edu	Ph.D., Engineering Systems, Massachusetts Institute of Technology, 2009
144	Moble Benedict	http://engineering.tamu.edu/aerospace/people/mbenedict	\N	\N	benedict@tamu.edu	2010: Ph.D., Aerospace Engineering, University of Maryland
145	Amine Benzerga	http://engineering.tamu.edu/aerospace/people/abenzerga	http://engineering.tamu.edu/media/1380420/CV-Benzerga-April2014.pdf	http://scholar.google.com/citations?user=ecKQPpAAAAAJ&hl=en&oi=ao&hl=en	benzerga@tamu.edu	2000: Ph.D., Material Science & Engineering, Ecole des Mines de Paris, France
146	Raktim Bhattacharya	http://uq.tamu.edu	\N	http://scholar.google.com/citations?user=2LF_sqEAAAAJ&hl=en&oi=ao&hl=en	raktim@tamu.edu	2003 Ph.D, Aerospace Engineering, University of Minnesota.
147	Rodney Bowersox	http://engineering.tamu.edu/aerospace/people/rbowersox	\N	http://scholar.google.com/citations?user=_qk9bkQAAAAJ&hl&hl=en	bowersox@tamu.edu	Ph.D., Virginia Polytechnic Institute and State University, 1992
148	Jim Boyd	http://engineering.tamu.edu/aerospace/people/jboyd	\N	http://scholar.google.com/citations?user=uR6EmbkAAAAJ&hl=en&hl=en	jgboyd@tamu.edu	Ph.D. Aerospace Engineering, Texas A&M University
149	Suman Chakravorty	http://edplab.org 	\N	\N	schakrav@tamu.edu	Ph.D., Aerospace Engineering, University of Michigan, Ann Arbor, 2004
150	Gregory Chamitoff	http://engineering.tamu.edu/aerospace/people/gechamitoff-	\N	http://scholar.google.com/citations?user=SbJe09AAAAAJ&hl=en&oi=ao&hl=en	chamitoff@tamu.edu	\N
151	Paul Cizmas	http://dayton.tamu.edu	\N	http://scholar.google.com/citations?user=_ppaC6EAAAAJ&hl=en&oi=ao&hl=en	cizmas@tamu.edu	Ph.D., Duke University, 1995
152	Diego Donzis	http://nal.tamu.edu	\N	http://scholar.google.com/citations?user=uLrT-wcAAAAJ&hl=en&oi=ao&hl=en	donzis@tamu.edu	Ph.D., Georgia Institute of Technology
153	Sharath Girimaji	http://engineering.tamu.edu/aerospace/people/sgirimaji	http://engineering.tamu.edu/media/2560591/website-cv-1-.pdf	http://scholar.google.com/citations?user=8yJYMO8AAAAJ&hl=en&oi=ao&hl=en	girimaji@tamu.edu	Ph.D., Cornell University, 1990
154	Kentaro Hara	http://engineering.tamu.edu/aerospace/people/hara-kentaro	\N	\N	khara@tamu.edu	Ph.D, Aerospace Engineering, University of Michigan, 2015
155	Darren Hartl	http://smart.tamu.edu/people/staff/darrenjhartl.htm	\N	http://scholar.google.com/citations?user=WqVUJmcAAAAJ&hl=en&oi=ao&hl=en	\N	B.S. Aerospace Engineering, Texas A&M University, 2004
156	John Hurtado	http://aero.tamu.edu/faculty/hurtado/	\N	http://scholar.google.com/citations?user=rC8hTVIAAAAJ&hl=en&oi=ao&hl=en	jehurtado@tamu.edu	Ph.D., Texas A&M, Aerospace Engineering, 1995
157	John Junkins	http://dnc.tamu.edu/wiki/index.php/John_L._Junkins	\N	http://scholar.google.com/citations?user=RQxbtqYAAAAJ&hl=en&oi=sra&hl=en	junkins@tamu.edu	Ph.D., Aerospace Engineering, UCLA, 1969
158	Ibrahim Karaman	http://engineering.tamu.edu/materials/people/karaman-ibrahim	http://engineering.tamu.edu/media/562644/ikaraman.pdf	http://scholar.google.com/citations?user=gmpVub8AAAAJ&hl=en&oi=ao&hl=en	ikaraman@tamu.edu	Ph.D. Mechanical Engineering, University of Illinois, Urbana-Champaign, Illinois, 2000. 
159	Adonios Karpetis	http://engineering.tamu.edu/aerospace/people/akarpetis	\N	http://scholar.google.com/citations?user=TxrlmSsAAAAJ&hl=en&oi=ao&hl=en	karpetis@tamu.edu	Post-Doc Sandia Nat'l Labs, 2000-2004
160	Vikram Kinra	http://engineering.tamu.edu/aerospace/people/vkinra	\N	http://scholar.google.com/citations?user=fMgdtiIAAAAJ&hl=en&oi=ao&hl=en	kinra@tamu.edu	\N
161	Waruna Kulatilaka	http://engineering.tamu.edu/aerospace/people/kulatilaka-waruna	http://engineering.tamu.edu/media/2406584/kulatilaka_cv.pdf	http://scholar.google.com/citations?user=https://scholar.google.com/citations?user=ZXHcCwcAAAAJ&hl=en&hl=en	\N	Ph.D., Mechanical Engineering, Purdue University, 2006
162	Dimitris Lagoudas	http://smart.tamu.edu/people/faculty/dimitrislagoudas.htm	http://engineering.tamu.edu/media/567524/lagoudascv.pdf	http://scholar.google.com/citations?user=U38296AAAAAJ&hl=en&oi=ao&hl=en	d-lagoudas@tamu.edu	Postdoctoral Studies, Theoretical and Applied Physics/Mechanics, Cornell University, USA, and Max Planck Institute, Germany, 1986-88
163	Reza Langari	http://engineering.tamu.edu/aerospace/people/glangari	\N	http://scholar.google.com/citations?user=d0C_TSUAAAAJ&hl=en&oi=ao&hl=en	rlangari@tamu.edu	Ph.D. Mechanical Engineering, University of California, Berkeley, 1991
164	Jean-Briac le Graverend	http://engineering.tamu.edu/aerospace/people/jblegraverend	\N	http://scholar.google.com/citations?user=tL-TH8IAAAAJ&hl=en&oi=ao&hl=en	\N	2013: Ph.D. in Aerospace Engineering, Ecole Nationale Supérieure de Mécanique et d'Aérothechnique (ENSMA)/Office National d'Etudes et de Recherches Aérospatiales (ONERA), Poitiers/Châtillon, France
165	Daniele Mortari	http://aero.tamu.edu/faculty/mortari/	http://engineering.tamu.edu/media/568819/mortari-vita.pdf	http://scholar.google.com/citations?user=AuXG3XYAAAAJ&hl=en&oi=ao&hl=en	mortari@tamu.edu	1982: Dottore, Nuclear Engineering, University of Rome "La Sapienza"
166	Mohammad Naraghi	http://aero.tamu.edu/faculty/naraghi	\N	http://scholar.google.com/citations?user=aLn_3KgAAAAJ&hl=en&oi=ao&hl=en	Naraghi@tamu.edu	Ph.D Aerospace Engineering Structures and Materials University of Illinois at Urbana Champaign 2005- 2009
167	Tom Pollock	http://engineering.tamu.edu/aerospace/people/tpollock	\N	\N	pollock@tamu.edu	\N
168	Alexei Poludnenko	http://engineering.tamu.edu/aerospace/people/poludnenko-alexei	\N	\N	apoludn@tamu.edu	Ph.D. University of Rochester
169	J. N. Reddy	http://engineering.tamu.edu/aerospace/people/jnreddy	\N	http://scholar.google.com/citations?user=ynyF6HYAAAAJ&hl=en&oi=sra&hl=en	jnreddy@tamu.edu	Post Doctoral Fellow, Texas Institute for Computational Mechanics, University of Texas at Austin, 1973-1974.
170	Helen Reed	http://aggiesatweb.tamu.edu/	\N	\N	helen.reed@tamu.edu	Ph.D., Engineering Mechanics, Virginia Tech, 1981 
171	Jacques Richard	http://aeweb.tamu.edu/Richard/	\N	\N	richard@tamu.edu	Ph. D.: Aeronautical Engineering; Rensselaer Polytechnic Institute; 1989
172	William Saric	http://engineering.tamu.edu/aerospace/people/wsaric	\N	\N	saric@tamu.edu	PhD Mechanics, Illinois Institute of Technology, Chicago, 1968
173	Marlan Scully	http://engineering.tamu.edu/aerospace/people/mscully	\N	\N	scully@tamu.edu	Yale University, Ph.D. Physics, 1966 
174	Robert Skelton	http://engineering.tamu.edu/aerospace/people/skelton-robert	\N	http://scholar.google.com/citations?user=sqWgfRkAAAAJ&hl=en&hl=en	bobskelton@tamu.edu	\N
175	Thomas Strganac	http://aeweb.tamu.edu/aeroel/	\N	http://scholar.google.com/citations?user=CP09vsQAAAAJ&hl=en&oi=sra&hl=en	strag@tamu.edu	Ph.D., Virginia Polytechnic Institute and State University, 1987
176	Theofanis Strouboulis	http://engineering.tamu.edu/aerospace/people/tstrouboulis	\N	\N	\N	\N
177	Ramesh Talreja	http://engineering.tamu.edu/aerospace/people/rtalreja	\N	\N	talreja@tamu.edu	\N
178	Nathan Tichenor	http://engineering.tamu.edu/aerospace/people/tichenor-nathan	\N	http://scholar.google.com/citations?user=G6nnhXUAAAAJ&hl=en&oi=sra&hl=en	ntichenor@tamu.edu	Ph.D., Aerospace Engineering, Texas A&M University, 2010
179	Srinivas Rao Vadali	http://engineering.tamu.edu/aerospace/people/srvadali	\N	http://scholar.google.com/citations?user=tfxkwqgAAAAJ&hl=en&oi=sra&hl=en	svadali@tamu.edu	\N
180	John Valasek	http://vscl.tamu.edu/valasek/	\N	http://scholar.google.com/citations?user=3816_AsAAAAJ&hl=en&oi=ao&hl=en	valasek@tamu.edu	B.S. Aerospace Engineering, California State Polytechnic University, Pomona, 1986
181	John Whitcomb	http://engineering.tamu.edu/aerospace/people/jwhitcomb	\N	\N	jdw@tamu.edu	1973 - B.S. in Mechanical Engineering, North Carolina State University 
182	Edward White	http://engineering.tamu.edu/aerospace/people/ewhite	\N	http://scholar.google.com/citations?user=qwuPusMAAAAJ&hl=en&oi=ao&hl=en	ebw@tamu.edu	Ph.D., Arizona State University, 2000
183	Ahmad Bani Younes	http://engineering.tamu.edu/aerospace/people/younes-ahmad	\N	\N	\N	Ph.D., Aerospace Engineering, Texas A&M University, 2013
184	Daniel L. Alge	http://engineering.tamu.edu/biomedical/people/alge-daniel	http://engineering.tamu.edu/media/1405331/alge.pdf	http://scholar.google.com/citations?user=O_rq77YAAAAJ&hl&hl=en	dalge@tamu.edu	Postdoctoral, University of Colorado Boulder
185	Brian E. Applegate	http://engineering.tamu.edu/biomedical/people/applegate	http://engineering.tamu.edu/media/283128/cv-applegate.pdf	http://scholar.google.com/citations?user=HlSY4WcAAAAJ&hl&hl=en	apple@tamu.edu	Postdoctoral Fellowship, Biomedical Engineering, Duke University
186	Corey J. Bishop	https://pharmacoengineering.wordpress.com	http://engineering.tamu.edu/media/3985286/bishop_cv_7-2-2016.pdf	http://scholar.google.com/citations?user=6uzV4sIAAAAJ&hl=en&hl=en	cbishop@tamu.edu	Postdoctoral, Chemical Engineering, Massachusetts Institute of Technology 
187	Saurabh Biswas	http://engineering.tamu.edu/biomedical/people/biswas-saurabh	\N	\N	\N	Ph.D., Biomedical Engineering, Texas A&M University 
188	Alan Brewer	http://engineering.tamu.edu/biomedical/people/brewer-alan	\N	\N	mabrewer@tamu.edu	M.B.A., General Management, Marketing & Operations, Harvard Business School (with honors)
189	Elizabeth Cosgriff-Hernandez	http://engineering.tamu.edu/biomedical/people/cosgriff-hernandez-elizabeth	http://engineering.tamu.edu/media/284874/cosgriff-hernandez.pdf	http://scholar.google.com/citations?user=vtYJIaAAAAAJ&hl&hl=en	\N	Postdoctoral Fellowship, Bioengineering, Rice University, 2005-2007
190	Gerard L. Coté	http://engineering.tamu.edu/biomedical/people/cote-gerard-l	http://engineering.tamu.edu/media/285138/cote.pdf	http://scholar.google.com/citations?user=nbIuFOIAAAAJ&hl=en	gcote@tamu.edu	Ph.D., Bioengineering, University of Connecticut, 1990
191	John C. Criscione	http://engineering.tamu.edu/biomedical/people/criscione-john-c	http://engineering.tamu.edu/media/285204/criscione.pdf	http://scholar.google.com/citations?user=fC2Ohl8AAAAJ&hl&hl=en	\N	Ph.D., Biomedical Engineering, Johns Hopkins University
192	Akhilesh K. Gaharwar	http://engineering.tamu.edu/biomedical/people/gaharwar-akhilesh	http://engineering.tamu.edu/media/830635/gaharwar.pdf	http://scholar.google.com/citations?user=msdUBeUAAAAJ&hl&hl=en	gaharwar@tamu.edu	Postdoctoral, Massachusetts Institute of Technology and Harvard University
193	Melissa A. Grunlan	http://engineering.tamu.edu/biomedical/people/grunlan-melissa-a	http://engineering.tamu.edu/media/285207/grunlan.pdf	http://scholar.google.com/citations?user=LFtB_9sAAAAJ&hl&hl=en	mgrunlan@tamu.edu	Ph.D., Chemistry, University of Southern California, Los Angeles
194	Anthony Guiseppi-Elie	http://engineering.tamu.edu/biomedical/people/guiseppi-elie-anthony	http://engineering.tamu.edu/media/2877193/guiseppi-elie-cv.pdf	http://scholar.google.com/citations?user=BRTdkZcAAAAJ&hl&hl=en	guiseppi@tamu.edu	Postdoctoral Fellowship, Surface Science, Massachusetts Institute of Technology, 1983
195	Balakrishna Haridas	http://engineering.tamu.edu/biomedical/people/haridas-balakrishna	\N	\N	bharidas@tamu.edu	Ph.D., Biomedical Engineering, University of Cincinnati
196	Wonmuk Hwang	http://engineering.tamu.edu/biomedical/people/hwang-wonmuk	http://engineering.tamu.edu/media/285210/hwang.pdf	http://scholar.google.com/citations?user=UZ334wcAAAAJ&hl&hl=en	hwm@tamu.edu	Postdoctoral, Biomedical Engineering, Massachusetts Institute of Technology
197	William A. Hyman	http://engineering.tamu.edu/biomedical/people/hyman	http://williamhyman.com/4501.html	\N	w-hyman@tamu.edu	Sc.D., Engineering Mechanics, Columbia University
198	Roozbeh Jafari	http://engineering.tamu.edu/biomedical/people/jafari-roozbeh	\N	http://scholar.google.com/citations?user=ZKg1UKwAAAAJ&hl&hl=en	rjafari@tamu.edu	Postdoctoral, Electrical Engineering & Computer Sciences, University of California, Berkeley
199	Abhishek Jain	http://engineering.tamu.edu/biomedical/people/jain-abhishek	http://engineering.tamu.edu/media/3990631/jain_cv_08-16-2016.pdf	http://scholar.google.com/citations?user=60jHC34AAAAJ&hl=en&hl=en	a.jain@tamu.edu	Postdoctoral, Wyss Institute for Biologically Inspired Engineering at Harvard University 
200	Javier Jo	http://engineering.tamu.edu/biomedical/people/jo-javier	http://engineering.tamu.edu/media/285213/jo.pdf	http://scholar.google.com/citations?user=qKVopXcAAAAJ&hl&hl=en	javierjo@tamu.edu	Ph.D., Biomedical Engineering, University of Southern California, Los Angeles
201	Roland R. Kaunas	http://engineering.tamu.edu/biomedical/people/kaunas-roland-r	http://engineering.tamu.edu/media/285216/kaunas.pdf	http://scholar.google.com/citations?user=9nCMNU0AAAAJ&hl&hl=en	rkaunas@tamu.edu	Ph.D., Bioengineering, University of California, San Diego
202	Michael L. Madigan	http://engineering.tamu.edu/biomedical/people/madigan-michael-l	http://engineering.tamu.edu/media/1594531/madigan.pdf	http://scholar.google.com/citations?user=0JrjP8MAAAAJ&hl&hl=en	mlm@tamu.edu	Ph.D., Biomedical Engineering, Virginia Commonwealth University
203	Duncan J. Maitland	http://engineering.tamu.edu/biomedical/people/maitland-duncan-j	http://engineering.tamu.edu/media/285219/maitland_d..pdf	http://scholar.google.com/citations?user=4TipyJYAAAAJ&hl&hl=en	djmaitland@tamu.edu	Postdoctoral, Computational Physics, Lawrence Livermore National Laboratory
204	Kristen Maitland	http://engineering.tamu.edu/biomedical/people/maitland-kristen	http://engineering.tamu.edu/media/285222/maitland-k.pdf	http://scholar.google.com/citations?user=0m-XVPcAAAAJ&hl&hl=en	kmaitland@tamu.edu	Ph.D., Biomedical Engineering, The University of Texas at Austin
205	Mary P. McDougall	http://engineering.tamu.edu/biomedical/people/mcdougall-mary-p	http://engineering.tamu.edu/media/285225/mcdougall.pdf	http://scholar.google.com/citations?user=Bs6w6cAAAAAJ&hl&hl=en	\N	Ph.D., Electrical Engineering, Texas A&M University
206	Mike McShane	http://engineering.tamu.edu/biomedical/people/mcshane-mike	http://engineering.tamu.edu/media/285228/mcshane.pdf	http://scholar.google.com/citations?user=T3kWifIA4bUC&hl&hl=en	mcshane@tamu.edu	Ph.D., Biomedical Engineering, Texas A&M University
207	Raimund J. Ober	http://engineering.tamu.edu/biomedical/people/ober-raimund	http://engineering.tamu.edu/media/2074729/ober.pdf	http://scholar.google.com/citations?user=WhJF6tQAAAAJ&hl&hl=en	\N	Ph.D., Engineering, Cambridge University
208	Vladislav V. Yakovlev	http://engineering.tamu.edu/biomedical/people/yakovlev-vladislav-v	http://engineering.tamu.edu/media/285298/yakovlev.pdf	http://scholar.google.com/citations?user=zTXbYs8AAAAJ&hl&hl=en	yakovlev@tamu.edu	Postdoctoral, Chemistry/ Biochemistry, University of California, San Diego
209	Alvin T. Yeh	http://engineering.tamu.edu/biomedical/people/yeh-alvin-t	http://engineering.tamu.edu/media/285301/yeh.pdf	http://scholar.google.com/citations?user=_quBLIEAAAAJ&hl&hl=en	ayeh@tamu.edu	Ph.D., Chemistry, University of California, Berkeley
210	Mustafa Akbulut	http://chenakbulut.wpengine.com/	\N	\N	makbulut@tamu.edu	2007 PhD Chemical Engineering, University of California, Santa Barbara
211	Perla Balbuena	http://chenbalbuena.wpengine.com/	\N	\N	balbuena@tamu.edu	Ph.D., University of Texas at Austin, 1996
212	Dragomir Bukur	http://engineering.tamu.edu/chemical/people/dbukur	\N	\N	d-bukur@tamu.edu	Ph.D., University of Minnesota, 1974
213	Zhengdong Cheng	http://chencheng.wpengine.com/	\N	\N	zcheng@tamu.edu	Ph.D., Princeton University, 1999
214	Yossef Elabd	http://chenelabd.wpengine.com/	http://engineering.tamu.edu/media/2795912/elabd-cv-aug-2015.pdf	\N	 elabd@tamu.edu	PhD, Chemical Engineering, Johns Hopkins University, 2001
215	Mahmoud El-Halwagi	http://chenelhalwagi.wpengine.com/	\N	\N	el-halwagi@tamu.edu	Ph.D., University of California - Los Angeles, 1990
216	Christodoulos A. Floudas	http://engineering.tamu.edu/chemical/people/floudas-christodoulos	\N	\N	floudas@tamu.edu	Ph.D., Carnegie Mellon University, 1986
217	Charles Glover	http://chenglover.wpengine.com/Welcome.html	\N	\N	c-glover@tamu.edu	Ph.D., Rice University, 1975
218	Micah Green	http://chengreen.wpengine.com/	http://engineering.tamu.edu/media/1419898/mjg-cv-2014-to-tamu-department-website.pdf	\N	\N	Ph.D. Chemical Engineering, Massachusetts Institute of Technology, Aug. 2007
219	James Harris	http://engineering.tamu.edu/chemical/people/harris-jim	http://engineering.tamu.edu/media/2830039/james-e-harris-cv-9-6-15.pdf	\N	jim.harris@tamu.edu	Ph.D., The University of Texas at Austin, 1981
220	M. M. Faruque Hasan	http://chenhasan.wpengine.com/	\N	\N	hasan@tamu.edu	Postdoctoral Research, Princeton University, 2011 - 2014
221	James Holste	http://engineering.tamu.edu/chemical/people/jholste	\N	\N	j-holste@tamu.edu	Ph.D., Iowa State University, 1973
222	Mark Holtzapple	http://chenholtzapple.wpengine.com/	\N	\N	\N	Ph.D., University of Pennsylvania, 1981
223	Arul Jayaraman	http://chenjayaraman.wpengine.com/	\N	\N	arulj@tamu.edu	Ph.D.,University of California, Irvine, 1998
224	Hae-Kwon Jeong	http://engineering.tamu.edu/chemical/people/hkjeong	\N	\N	hjeong7@tamu.edu	PhD in Chem. Eng., University of Minnesota, Minneapolis, MN, 2004
225	Katy Kao	http://research.che.tamu.edu/groups/Kao/Webpage/Home.html	\N	\N	kao.katy@gmail.com	Ph.D., University of California, Los Angeles
226	M. Nazmul Karim	http://chenkarim.wpengine.com/	\N	\N	nazkarim@tamu.edu	Ph.D., Chemical Engineering, University of Manchester Institute of Science and Technology, U.K., (1977)
227	Homa Khosravian	http://engineering.tamu.edu/chemical/people/khosravian-homa	\N	\N	\N	Ph.D. Chem. Eng., University of Illinois-Chicago, August 2013
228	Costas Kravaris	http://engineering.tamu.edu/chemical/people/kravaris-costas	http://engineering.tamu.edu/media/1796249/CK_CV-Sept2014.pdf	\N	kravaris@tamu.edu	Ph.D. (ChE), California Institute of Technology, 1984.
229	Yue Kuo	http://engineering.tamu.edu/chemical/people/ykuo	\N	\N	yuekuo@tamu.edu	Dr. Eng. Sci., Columbia University, 1979
230	Joseph Sang-II Kwon	http://skwon365.wix.com/joseph 	http://engineering.tamu.edu/media/2795911/resume_joseph_kwon.pdf	\N	kwonx075@tamu.edu	Ph.D., University of California, Los Angeles, 2015
231	Pushkar Lele	http://plele9.wix.com/research	\N	\N	plele@tamu.edu	Postdoctoral Research, Harvard University, 2015
232	Jodie Lutkenhaus	http://chenlutkenhaus.wpengine.com/Organic_Thin_FIlms_and_Nanostructures_Lab/Welcome.html	\N	\N	\N	Ph.D., Massachusetts Institute of Technology, 2007
233	M. Sam Mannan	http://psc.tamu.edu/	\N	\N	mannan@tamu.edu	Ph.D., 1986, Chemical Engineering, University of Oklahoma, Norman, Oklahoma
234	Chad Mashuga	http://engineering.tamu.edu/chemical/people/mashuga-chad	http://engineering.tamu.edu/media/1763970/Mashuga_September-2014.pdf	\N	mashuga@tamu.edu	Ph.D. in Chemical Engineering, Michigan Technological University, May 1999
235	Efstratios Pistikopoulos	http://ares.tamu.edu/Parametric/	\N	\N	stratos@tamu.edu	PhD in Chemical Engineering, Carnegie Mellon University, USA. 
236	Jorge Seminario	http://chenseminario.wpengine.com/index-1.html	\N	\N	seminario@tamu.edu	Ph.D., Southern Illinois University, 1988
237	Phanourios Tamamis	http://chentamamis.wpengine.com/	http://engineering.tamu.edu/media/3350621/cv_tamamis_feb16a_short.pdf	\N	tamamis@tamu.edu	Postdoctoral Research, Princeton University, 2013-2014
238	Victor Ugaz	http://engineering.tamu.edu/chemical/people/vugaz	\N	\N	ugaz@tamu.edu	Ph.D., Northwestern University, 1999
239	Sreeram Vaddiraju	http://engineering.tamu.edu/chemical/people/svaddiraju	\N	\N	\N	Ph.D., University of Louisville, 2006
240	Benjamin Wilhite	http://chenwilhite01.wpengine.com/	\N	\N	\N	Ph.D. Notre Dame 2003
241	Hung-Jen Wu	http://chenwu.wpengine.com/	\N	\N	hjwu@tamu.edu	B.S., National Cheng Kung University, Taiwan
242	Stuart Anderson	http://ceprofs.civil.tamu.edu/sanderson	\N	\N	\N	Ph.D.: University of Texas, 1989
243	Charles Aubeny	http://ceprofs.civil.tamu.edu/caubeny	\N	http://scholar.google.com/citations?user=o9oeiTcAAAAJ&hl&hl=en	\N	Ph.D., Massachusetts Institute of Technology, 1992 
244	Robin Autenrieth	http://engineering.tamu.edu/civil/people/rautenrieth	\N	http://scholar.google.com/citations?user=LVa1sDgAAAAJ&hl&hl=en	\N	Ph.D., Clarkson University, 1986 
245	M. Katherine Banks	http://engineering.tamu.edu/civil/people/kbanks	\N	http://scholar.google.com/citations?user=AzYSgGkAAAAJ&hl&hl=en	k-banks@tamu.edu	
246	Luciana Barroso	http://ceprofs.civil.tamu.edu/lbarroso	\N	http://scholar.google.com/citations?user=KKMCtF8AAAAJ&hl&hl=en	\N	1999 - Ph.D., Civil Engineering and Environmental Engineering, Stanford University 
247	Bill Batchelor	http://ceprofs.civil.tamu.edu/bbatchelor 	\N	http://scholar.google.com/citations?user=cSzc6xkAAAAJ&hl&hl=en	\N	Ph.D., Cornell University Sanitary Engineering 1976
248	Lynn Beason	http://ceprofs.civil.tamu.edu/lbeason	\N	\N	\N	Ph.D.: Texas Tech University, 1980
249	Anna Birely	http://engineering.tamu.edu/civil/people/abirely	\N	http://scholar.google.com/citations?user=XKbIy0AAAAAJ&hl&hl=en	\N	Ph. D.: University of Washington, 2012
250	Bjorn Birgisson	http://engineering.tamu.edu/civil/people/birgisson-bjorn	\N	http://scholar.google.com/citations?user=BzdZ5MwAAAAJ&hl&hl=en	\N	Ph.D. Civil Engineering (Geomechanics), University of Minnesota, 1996
251	Joseph Bracci	http://ceprofs.civil.tamu.edu/bracci	\N	http://scholar.google.com/citations?user=pXJMtq4AAAAJ&hl&hl=en	\N	Ph.D.: State University of New York, 1992
252	Jean-Louis Briaud	http://ceprofs.civil.tamu.edu/briaud	\N	http://scholar.google.com/citations?user=s7EDaLYAAAAJ&hl&hl=en	briaud@tamu.edu	Ph.D.: University of Ottawa, Canada, 1978
253	Kelly Brumbelow	http://ceprofs.civil.tamu.edu/kbrumbelow 	\N	http://scholar.google.com/citations?user=jRkzr0EAAAAJ&hl&hl=en	\N	Ph.D., Georgia Institute of Technology, 2001 
254	Mark Burris	http://ceprofs.civil.tamu.edu/mburris 	\N	http://scholar.google.com/citations?user=tOM732UAAAAJ&hl&hl=en	mburris@tamu.edu	Ph.D., Civil Engineering, University of South Florida, 2001.
255	Anthony Cahill	http://ceprofs.civil.tamu.edu/cahill 	\N	http://scholar.google.com/citations?user=yk-2NhMAAAAJ&hl&hl=en	\N	Ph.D., The Johns Hopkins University, 1998 
256	Minsu Cha	http://engineering.tamu.edu/civil/people/cha-minsu	\N	http://scholar.google.com/citations?user=aqz2iQwAAAAJ&hl&hl=en	mcha@civil.tamu.edu	Ph.D., Georgia Institute of Technology, 2012
257	Kuang-An Chang	http://ceprofs.civil.tamu.edu/kchang 	\N	http://scholar.google.com/citations?user=WBE7z6sAAAAJ&hl&hl=en	\N	Ph.D.: Cornell University,1999 
258	Shankar Chellam	http://engineering.tamu.edu/civil/research/awt-lab	\N	http://scholar.google.com/citations?user=femcLqIAAAAJ&hl&hl=en	chellam@tamu.edu	Ph.D. Environmental Science and Engineering, Rice University, Houston, TX (Sept. 1995)
259	Hamn-Ching Chen	http://ceprofs.civil.tamu.edu/hchen	\N	http://scholar.google.com/citations?user=ZCehB2oAAAAJ&hl&hl=en	\N	Ph.D. University of Iowa, 1982
260	Kung-Hui Chu	http://ceprofs.civil.tamu.edu/kchu 	\N	http://scholar.google.com/citations?user=bO7dfnYAAAAJ&hl&hl=en	kchu@civil.tamu.edu	Ph. D., University of California at Berkeley, 1998 
261	Ivan Damnjanovic	http://ceprofs.civil.tamu.edu/idamnjanovic	\N	http://scholar.google.com/citations?user=GfjjdGMAAAAJ&hl&hl=en	\N	Ph.D.: University of Texas, Austin, 2006
262	Amy Epps Martin	http://engineering.tamu.edu/civil/people/aemartin	\N	http://scholar.google.com/citations?user=VUKw8OcAAAAJ&hl&hl=en	\N	Ph.D.: University of California, Berkeley, 1997 
263	David Ford	http://ceprofs.civil.tamu.edu/dford	\N	\N	\N	Doctor of Philosophy. Massachusetts Institute of Technology, 1995
264	Huilin Gao	http://ceprofs.civil.tamu.edu/hgao 	\N	http://scholar.google.com/citations?user=FsF8x0wAAAAJ&hl&hl=en	hgao@civil.tamu.edu	Ph D., Princeton University, 2005 
265	Nasir Gharaibeh	http://ceprofs.civil.tamu.edu/ngharaibeh 	\N	http://scholar.google.com/citations?user=uKuHmZ0AAAAJ&hl&hl=en	\N	Ph.D. University of Illinois, Urbana-Champaign, 1997 
266	Zachary Grasley	http://engineering.tamu.edu/civil/people/grasley-zachary	\N	http://scholar.google.com/citations?user=yvUpbvMAAAAJ&hl&hl=en	\N	Ph.D.: University of Illinois at Urbana-Champaign, 2006
267	Gene Hawkins	http://ceprofs.civil.tamu.edu/ghawkins 	\N	http://scholar.google.com/citations?user=D57i27UAAAAJ&hl&hl=en	\N	Ph.D., Civil Engineering, Texas A&M University, 1993
268	Mary Beth Hueste	http://ceprofs.civil.tamu.edu/mhueste	\N	http://scholar.google.com/citations?user=USPTmxIAAAAJ&hl&hl=en	mhueste@tamu.edu	PhD, Civil Engineering, University of Michigan, 1997
269	Stefan Hurlebaus	http://ceprofs.civil.tamu.edu/shurlebaus	\N	http://scholar.google.com/citations?user=lblHz4EAAAAJ&hl&hl=en	\N	Dr.-Ing. in Mechanical Engineering, University of Stuttgart, Germany, 2002
270	Ray James	http://ceprofs.civil.tamu.edu/rjames	\N	http://scholar.google.com/citations?user=nY5RR0kAAAAJ&hl&hl=en	r-james@tamu.edu	Ph.D.: University of Texas, 1976
271	Harry Jones	http://engineering.tamu.edu/civil/people/hjones	\N	\N	h-jones@tamu.edu	Ph.D.: University of Illinois, 1969
272	James Kaihatu	http://ceprofs.civil.tamu.edu/jkaihatu 	\N	http://scholar.google.com/citations?user=W6EPWyYAAAAJ&hl&hl=en	\N	Ph.D., University of Delaware, Civil Engineering, 1994
273	Peter Keating	http://ceprofs.civil.tamu.edu/keating	\N	\N	\N	Ph.D.: Lehigh University, 1987
274	Dallas Little	http://ceprofs.civil.tamu.edu/dlittle 	\N	http://scholar.google.com/citations?user=0hysGhAAAAAJ&hl&hl=en	d-little@tamu.edu	Ph.D.: Texas A&M University, 1979
275	Dominique Lord	https://ceprofs.civil.tamu.edu/dlord	\N	http://scholar.google.com/citations?user=A1GQZYgAAAAJ&hl&hl=en	d-lord@tamu.edu	Ph.D.: University of Toronto, 2000
276	Lee Lowery	http://lowery.tamu.edu/	\N	http://scholar.google.com/citations?user=LRmzkMkAAAAJ&hl&hl=en	\N	Ph.D.: Texas A&M University, 1967
277	Robert Lytton	http://ceprofs.civil.tamu.edu/lytton 	\N	http://scholar.google.com/citations?user=4tkHMAEAAAAJ&hl&hl=en	\N	Ph.D.  Civil Engineering, University of Texas, 1967
278	Xingmao "Samuel" Ma	http://engineering.tamu.edu/civil/people/ma-xingmao-samuel	\N	http://scholar.google.com/citations?user=cN2rkI8AAAAJ&hl&hl=en	xma@civil.tamu.edu	Ph.D.: Missouri University of Science and Technology, 2004
279	John Mander	http://engineering.tamu.edu/civil/people/jmander	\N	http://scholar.google.com/citations?user=vgpFJV8AAAAJ&hl&hl=en	\N	Ph.D.: University of Canterbury, New Zealand, 1984
280	Eyad Masad	http://ceprofs.civil.tamu.edu/emasad 	\N	http://scholar.google.com/citations?user=CIwa5EcAAAAJ&hl&hl=en	\N	Ph.D. Civil Engineering, Washington State University, Pullman, U.S.A, 1998 
281	Zenon Medina-Cetina	http://zenon-sgl.tamu.edu/	\N	http://scholar.google.com/citations?user=A55ywhYAAAAJ&hl&hl=en	\N	Ph D.: The Johns Hopkins University, 2006
282	Richard Mercier	http://engineering.tamu.edu/civil/people/rmercier	\N	http://scholar.google.com/citations?user=3oAi2JwAAAAJ&hl&hl=en	rsmercier@tamu.edu	Ph.D. Massachusetts Institute of Technology, 1985 
283	Gretchen Miller	http://ceprofs.civil.tamu.edu/gmiller	\N	http://scholar.google.com/citations?user=uInmBXMAAAAJ&hl&hl=en	\N	Ph.D., University of California, Berkeley, 2009 
284	Ali Mostafavi	http://engineering.tamu.edu/civil/people/mostafavi-ali	\N	http://scholar.google.com/citations?user=DFNvQPYAAAAJ&hl&hl=en	\N	Ph.D., Civil Engineering, Purdue University, 2013
285	John Niedzwecki	http://engineering.tamu.edu/civil/people/jniedzwecki	\N	\N	\N	Ph.D.: Catholic University of America, 1978
286	Francisco Olivera	http://ceprofs.civil.tamu.edu/folivera 	\N	http://scholar.google.com/citations?user=Vk40JxIAAAAJ&hl&hl=en	\N	Ph.D., University of Texas, Austin, 1996 
287	Stephanie Paal	http://engineering.tamu.edu/civil/people/paal-stephanie	\N	http://scholar.google.com/citations?user=kO3s0W0AAAAJ&pagesize&hl=en	\N	Ph.D., Civil Engineering, Georgia Tech
288	Philip Park	http://philippark.weebly.com/ 	\N	http://scholar.google.com/citations?user=aPI8Ye8AAAAJ&hl&hl=en	\N	Ph.D., University of Michigan, 2011
289	Luca Quadrifoglio	http://ceprofs.civil.tamu.edu/lquadrifoglio 	\N	http://scholar.google.com/citations?user=JxBzq0gAAAAJ&hl&hl=en	\N	Ph.D. Industrial & Systems Engineering  D. J. Epstein Dept. of Industrial & Systems Engineering - University of Southern California 2005
290	Maryam Sakhaeifar	http://ceprofs.civil.tamu.edu/msakhaeifar 	\N	http://scholar.google.com/citations?user=xjcJKi0AAAAJ&hl&hl=en	\N	Ph.D.:  Pavement Material Engineering,  North Carolina State University, Raleigh, NC, 2011
291	Marcelo Sanchez	http://ceprofs.civil.tamu.edu/msanchez	\N	http://scholar.google.com/citations?user=rtU14jIAAAAJ&hl&hl=en	\N	PhD Doctor Ingeniero de Caminos, Canales y Puertos. (Equivalent to a PhD in Civil Engineering). Universidad Politecnica de Catalunya (UPC). Barcelona, Spain, 2004
292	Scott Socolofsky	http://ceprofs.civil.tamu.edu/ssocolofsky 	\N	http://scholar.google.com/citations?user=oeZzIiwAAAAJ&hl&hl=en	socolofsky@tamu.edu	Ph.D., Massachusetts Institute of Technology, 2001
293	Alireza Talebpour	http://engineering.tamu.edu/civil/people/talebpour-alireza	\N	http://scholar.google.com/citations?user=lW4PAysAAAAJ&hl&hl=en	atalebpour@tamu.edu	Ph.D.: Transportation Systems Analysis and Planning, Northwestern University, 2015
294	John Tracy	http://engineering.tamu.edu/civil/people/tracy-john	\N	\N	\N	Ph.D., Engineering (1989), University of California at Davis
295	Bruce Wang	http://ceprofs.civil.tamu.edu/bwang 	\N	http://scholar.google.com/citations?user=hsm9aVoAAAAJ&hl&hl=en	\N	 Ph.D. 2001. Civil Engineering (Transportation), University of California – Irvine.
296	Ralph Wurbs	http://ceprofs.civil.tamu.edu/rwurbs 	\N	http://scholar.google.com/citations?user=_YkRD5UAAAAJ&hl&hl=en	r-wurbs@tamu.edu	Ph.D.: Colorado State University, 1978
297	Qi Ying	http://ceprofs.civil.tamu.edu/qying 	\N	http://scholar.google.com/citations?user=FZBvbtoAAAAJ&hl&hl=en	\N	Ph.D., University of California at Davis, 2004 
298	Yunlong Zhang	http://ceprofs.civil.tamu.edu/yzhang 	\N	http://scholar.google.com/citations?user=LPirTJwAAAAJ&hl&hl=en	\N	Ph.D.: Virginia Polytechnic Institute and State University, 1996
299	Dan Zollinger	http://ceprofs.civil.tamu.edu/dzollinger 	\N	http://scholar.google.com/citations?user=pdHDa_8AAAAJ&hl&hl=en	\N	Ph.D.: University of Illinois, 1989
300	Jorge Alvarado	http://etidweb.tamu.edu/faculty/alvarado/	\N	\N	\N	Ph.D. in Mechanical Engineering, University of Illinois at Urbana-Champaign, December 2004
301	Robert M. Borsh, Jr.	http://engineering.tamu.edu/etid/people/borsh-jr-robert-m	http://engineering.tamu.edu/media/4057383/borsh-cv.pdf	\N	bob.borsh@tamu.edu	MID, Texas A&M University, 2003
302	Walter Buchanan	http://engineering.tamu.edu/etid/people/wbuchanan	http://engineering.tamu.edu/media/3345753/buchanan-cv.pdf	\N	buchananw@tamu.edu	Ph.D., Indiana University, 1993
303	Ismail Capar	http://engineering.tamu.edu/etid/people/icapar	http://engineering.tamu.edu/media/554965/cv_ismail_capar_12.pdf	\N	capar@tamu.edu	Ph.D. in Industrial and Systems Engineering, Mississippi State University, 2007
304	Norm Clark	http://engineering.tamu.edu/etid/people/nclark	http://engineering.tamu.edu/media/555107/clark-cv_201108.pdf	\N	nclark@tamu.edu	Ph.D. in Adult Education, Texas A&M University, 2015
305	Alex (Gwo-Ping) Fang	http://engineering.tamu.edu/etid/people/afang	http://engineering.tamu.edu/media/555191/cv-alexfang.pdf	\N	gpafang@tamu.edu	Ph.D. in Mechanical Engineering, Texas A&M University, 1996
306	Rainer Fink	http://engineering.tamu.edu/etid/people/rfink	http://engineering.tamu.edu/media/3345769/fink202_16.pdf	\N	fink@tamu.edu	Ph.D., Texas A&M University, 1995
307	Ana Goulart	http://engineering.tamu.edu/etid/people/agoulart	http://engineering.tamu.edu/media/3345764/goulart20cv_2016.pdf	\N	goulart@tamu.edu	Ph.D., Georgia Institute of Technology, 2005
308	Sheng-Jen "Tony" Hsieh	http://engineering.tamu.edu/etid/people/shsieh	\N	\N	hsieh@tamu.edu	Ph.D. in Industrial Engineering, Texas Tech University, 1995
309	Wayne Hung	http://etidweb.tamu.edu/faculty/hung/index.html	http://engineering.tamu.edu/media/557500/hung_nsf_res_20jan11.pdf	\N	hung@tamu.edu	Ph.D., University of California - Berkeley, 1987
310	Byul Hur	http://www.tamuresearch.com/	http://engineering.tamu.edu/media/4057382/b_hur_cv-1-.pdf	\N	byulmail@tamu.edu	Ph.D. in Electrical and Computer Engineering, University of Florida, 2011
311	Eleftherios Iakovou	http://engineering.tamu.edu/etid/people/eiakovou	\N	\N	eiakovou@tamu.edu	Ph.D. in Operations Research and Industrial Engineering, Cornell University, 1992
312	Daniel Jennings	http://etidweb.tamu.edu/faculty/jennings/index.html	http://engineering.tamu.edu/media/3567189/dfjvita20april202016.pdf	\N	djennings@tamu.edu	Ph.D., Strategic Management, Texas A&M University, 1986 
313	Mark Johnson	http://engineering.tamu.edu/etid/people/johnson-mark	http://engineering.tamu.edu/media/2121011/Mark Johnson Curriculum Vitae (JAN 15).pdf	\N	johnson78@tamu.edu	Leadership and Innovation Seminar, Kenan Flager Business School, University of North Carolina, Chapel Hill, NC, 2009 
314	Michael Johnson	http://engineering.tamu.edu/etid/people/mjohnson	http://engineering.tamu.edu/media/1977222/MDJohnson_CV.pdf	\N	mdjohnson@tamu.edu	Ph.D. in Mechanical Engineering, Massachusetts Institute of Technology, 2004 
315	Mathew A. Kuttolamadom 	http://people.tamu.edu/~mathew/	http://engineering.tamu.edu/media/589416/cv_mathew_kuttolamadom_12.pdf	\N	mathew@tamu.edu	Ph.D. in Materials Science and Engineering, Clemson University - International Center for Automotive Research, 2012 
316	Reza Langari	http://engineering.tamu.edu/etid/people/langari-reza	\N	\N	rlangari@tamu.edu	Ph.D. Mechanical Engineering,  University of California, Berkeley, 1991
317	F. Barry Lawrence 	http://engineering.tamu.edu/etid/people/blawrence	\N	\N	\N	Ph.D. in Information and Operations Management, Texas A&M University, 1999 
318	Jorge Leon	http://people.tamu.edu/~jleon	\N	\N	jleon@tamu.edu	Ph.D. in Industrial Engineering, Lehigh University, 1991 
319	Chao Ma	http://engineering.tamu.edu/etid/people/ma-chao	http://engineering.tamu.edu/media/4057381/cv-chao-ma.pdf	\N	cma@tamu.edu	Ph.D. in Mechanical Engineering, University of California, Los Angeles, 2015
320	Joseph A. Morgan 	http://engineering.tamu.edu/etid/people/jamorgan	http://engineering.tamu.edu/media/3345768/morgan20cv2016.pdf	\N	j-morgan@tamu.edu	D.E., Texas A&M University, 1983 
321	Malini Natarajarathinam 	http://etidweb.tamu.edu/faculty/malini/malini/Welcome.html	http://engineering.tamu.edu/media/591839/03_cv_natarajarathinam.pdf	\N	malini@tamu.edu	Ph.D. in Operations Management, The University of Alabama, 2007 
322	Bimal Nepal	http://engineering.tamu.edu/etid/people/bnepal	http://engineering.tamu.edu/media/589386/cv-bimal_nepal_-_aug_21_2011.pdf	\N	nepal@tamu.edu	Ph.D. Industrial Engineering Wayne State University, Detroit, MI, 2005
323	Suleiman Obeidat	http://engineering.tamu.edu/etid/people/sobeidat	\N	\N	sobeidat@tamu.edu	Ph.D. in Industrial Engineering, University of Oklahoma, 2008
324	Jay Porter	http://engineering.tamu.edu/etid/people/jporter	http://engineering.tamu.edu/media/3345767/website20cv_2016_jay20porter.pdf	\N	jporter@tamu.edu	Ph.D. in Electrical Engineering, Texas A&M University, 1993
325	Angie Hill Price	http://engineering.tamu.edu/etid/people/aprice	http://engineering.tamu.edu/media/584946/cv-a_hill_price.pdf	\N	price@tamu.edu	Ph.D. in Interdisciplinary Engineering, Texas A&M University, College Station, Texas; May 1999.
326	Esther Rodriguez Silva	http://engineering.tamu.edu/etid/people/ersilva	\N	\N	\N	Ph.D., Maritime Sciences and Technology, Kobe Maritime University, Japan, 2005
327	Xingyong Song	http://songxy.tamu.edu	http://engineering.tamu.edu/media/3068943/Curriculum Vitae for Xingyong Song.pdf	\N	songxy@tamu.edu	Ph.D., Mechanical Engineering, University of Minnesota, Twin Cities, 2011
328	Manoj Vanajakumari	http://engineering.tamu.edu/etid/people/mvanajakumari	http://engineering.tamu.edu/media/587205/manojresume_web_11.pdf	\N	manojuv@tamu.edu	Ph.D. in Operations Management,  The University of Texas at Dallas, 2007
329	Jyhwen Wang	http://etidweb.tamu.edu/faculty/wang/index.htm	http://engineering.tamu.edu/media/591419/cv_wang_11.pdf	\N	jwang@tamu.edu	Ph. D.    Mechanical Engineering, Northwestern University, 1991
330	Wei Zhan	http://engineering.tamu.edu/etid/people/wzhan	http://engineering.tamu.edu/media/3345765/weizhancvjan2016.pdf	\N	wei.zhan@tamu.edu	D.Sc. in Systems Science,  Washington University, St. Louis, MO, 1991
331	Behbood B. Zoghi	http://zoghi.tamu.edu/	http://engineering.tamu.edu/media/3345766/zoghi20-20cv-20august-4.pdf	\N	zoghi@tamu.edu	Ph.D. Bioengineering/Electrical Engineering, Texas A&M University, December 1993 Dissertation: “A Novel Optically-Based Approach to Intracranial Pressure Measurement”
332	Amarnath Banerjee	https://www.researchgate.net/profile/Amarnath_Banerjee	http://engineering.tamu.edu/media/4022680/banerjeecvsep2016.pdf	http://scholar.google.com/citations?user=wjbdZeQAAAAJ&hl=en&oi=ao&hl=en	Banerjee@tamu.edu	Ph.D., Industrial Engineering and Operations Research, University of Illinois at Chicago Chicago, IL , 1999 
333	Mark Benden	http://www.markbenden.com	\N	http://scholar.google.com/citations?user=P0X8JfgAAAAJ&hl=en&oi=ao&hl=en	\N	Ph.D., Interdisciplinary Engineering, Texas A&M University 
334	G. Kemble Bennett	http://engineering.tamu.edu/industrial/people/gkbennett	http://engineering.tamu.edu/media/880963/Bennett-Vita-Dec_2010.pdf	\N	\N	Doctor of Philosophy Texas Tech University 1970
335	Satish T.S. Bukkapatnam	http://ise.tamu.edu/People/faculty/Bukkapatnam/index.php	http://engineering.tamu.edu/media/1525573/CV - Bukkapatnam.pdf	http://scholar.google.com/citations?user=LS7HAHgAAAAJ&hl=en&oi=ao&hl=en	satish@tamu.edu	Pennsylvania State Univ. 	University Park, PA	Ph.D. 	Industrial & Manufacturing Eng.	1997
336	Sergiy Butenko	http://ise.tamu.edu/people/faculty/butenko/default.htm	\N	http://scholar.google.com/citations?user=FtQ6nyUAAAAJ&hl=en&oi=ao&hl=en	butenko@tamu.edu	Ph.D., Industrial and Systems Engineering, University of Florida, Gainesville, FL 2003
337	Guy L. Curry	http://ise.tamu.edu/people/faculty/Curry/funding.html	\N	\N	g-curry@tamu.edu	Ph.D., Industrial Engineering, University of Arkansas, January 1971 
338	Yu Ding	http://ise.tamu.edu/people/faculty/Ding/default.htm	http://engineering.tamu.edu/media/600111/yuding_cv.pdf	http://scholar.google.com/citations?user=user=wk1F21gAAAAJ&hl=en&hl=en	yuding@tamu.edu	Univ of Science and Technology of China Precision Engineering B.S. 1993
339	Alaa Elwany	http://engineering.tamu.edu/industrial/people/aelwany	http://engineering.tamu.edu/media/1329582/CV - Elwany.pdf	http://scholar.google.com/citations?user=4XQhjOYAAAAJ&hl=en&oi=ao&hl=en	elwany@tamu.edu	
340	Madhav Erraguntla	http://engineering.tamu.edu/industrial/people/erranguntla-madhav	http://engineering.tamu.edu/media/2599282/me-cv-june-2015-copy.pdf	http://scholar.google.com/citations?user=wjE2tsQAAAAJ&hl=en&oi=ao&hl=en	\N	Ph. D., Industrial Engineering, Texas A&M University, 1996 
341	Richard M. Feldman	http://ise.tamu.edu/people/faculty/Feldman/default.htm	http://ise.tamu.edu/people/faculty/Feldman/Feldman_vitae.html	\N	richf@tamu.edu	Ph.D. Industrial Engineering Northwestern University 1975
342	Thomas Ferris	http://ise.tamu.edu/People/faculty/Ferris/default.htm	http://engineering.tamu.edu/media/603195/tferris_cv_mar12.pdf	http://scholar.google.com/citations?user=d6DFslMAAAAJ&hl=en&oi=ao&hl=en	tFerris@tamu.edu	PhD, Industrial and Operations Engineering (Cognitive Ergonomics) University of Michigan, 2010 
343	Natarajan Gautam	http://ise.tamu.edu/people/faculty/Gautam/default.htm	http://ise.tamu.edu/people/faculty/Gautam/gautam_web_CV.pdf	http://scholar.google.com/citations?user=user=fbhpBTsAAAAJ&hl=en&hl=en	Gautam@tamu.edu	Ph.D., Operations Research, The University of North Carolina at Chapel Hill, July 1997.
344	Mike Graul	http://engineering.tamu.edu/industrial/people/graul-mike	\N	\N	mgraul@kbsi.com	\N
345	Andrew L. Johnson	http://www.andyjohnson.guru/	http://www.andyjohnson.guru/	http://scholar.google.com/citations?user=1k3o-NYAAAAJ&hl=en&oi=ao&hl=en	ajohnson@tamu.edu	2006 Ph.D. (Industrial and Systems Engineering), Georgia Institute of Technology.
346	Kiavash Kianfar	http://ise.tamu.edu/people/faculty/kianfar/modal/index.html	\N	http://scholar.google.com/citations?user=hrgA7bcAAAAJ&hl=en&oi=ao&hl=en	Kianfar@tamu.edu	Ph.D., Industrial and Systems Engineering, Aug 2007 Industrial and Systems Engineering, North Carolina State University, Raleigh, NC, USA
347	P.R. Kumar	http://cesg.tamu.edu/faculty/p-r-kumar/	\N	http://scholar.google.com/citations?user=qGUpTVwAAAAJ&hl=en&oi=ao&hl=en	prk@tamu.edu	\N
348	Mark Lawley	http://engineering.tamu.edu/industrial/people/lawley-mark	\N	http://scholar.google.com/citations?user=smqjwZwAAAAJ&hl=en&oi=ao&hl=en	malawley@tamu.edu	
349	V. Jorge Leon	http://engineering.tamu.edu/industrial/people/jleon	http://people.tamu.edu/~jleon	http://scholar.google.com/citations?user=aCsXinwAAAAJ&hl=en&oi=ao&hl=en	jleon@tamu.edu	Ph.D. Industrial Engineering, Lehigh University, Bethlehem, Pennsylvania, 1991.
350	César O. Malavé	http://ise.tamu.edu/people/faculty/Malave/default.htm	\N	http://scholar.google.com/citations?user=DtUXTNcAAAAJ&hl=en&oi=ao&hl=en	malave@tamu.edu	B.S. in Chemical Engineering from the Georgia Institute of Technology
351	M. Sam Mannan	http://engineering.tamu.edu/industrial/people/smannan	http://engineering.tamu.edu/media/608771/1_dr._m._sam_mannan_director_9798623985_mannan_tamu.edu.pdf	\N	mannan@tamu.edu	Ph.D., 1986, Chemical Engineering, University of Oklahoma, Norman, Oklahoma
352	Ranjana Mehta	http://ranjanamehta.wixsite.com/neuroergonomics	\N	http://scholar.google.com/citations?user=https://scholar.google.com/citations?user=Khg_OvoAAAAJ&hl=en&hl=en	\N	Ph.D., M.S., Industrial and Systems Engineering (Human Factors), Virginia Tech University
353	Erick Moreno-Centeno	http://engineering.tamu.edu/industrial/people/emorenocenteno	http://engineering.tamu.edu/media/3615950/2016-05_curriculumvita_emc.pdf	http://scholar.google.com/citations?user=user=8akuRAwAAAAJ&hl=en&oi=ao&hl=en	e.moreno@tamu.edu	Ph.D. (2010) Industrial Engineering and Operations Research, University of California, Berkeley
354	Lewis Ntaimo	http://ise.tamu.edu/people/faculty/Ntaimo/default.htm	http://engineering.tamu.edu/media/596062/ntaimo_cv-080510.pdf	http://scholar.google.com/citations?user=1l13jigAAAAJ&hl=en&oi=ao&hl=en	Ntaimo@tamu.edu	Ph.D. Systems and Industrial Engineering Jan 2001 - Aug 2004  Minor: Electrical and Computer Engineering  University of Arizona, Tucson, USA
355	Hamid R. Parsaei	http://engineering.tamu.edu/industrial/people/hparsaei	\N	\N	\N	Ph.D. Industrial Engineering, University of Texas at Arlington
356	Zhijian (ZJ) Pei	http://engineering.tamu.edu/industrial/people/pei-zhjian-(zj)	\N	\N	zjpei@tamu.edu	Ph.D., Mechanical Engineering, University of Illinois at Urbana-Champaign, 1995
357	Dinakar Sagapuram	http://engineering.tamu.edu/industrial/people/sagapuram-dinakar	http://engineering.tamu.edu/media/3472828/cv-sagapuram-updated.pdf	http://scholar.google.com/citations?user=yfE74e8AAAAJ&hl=en&oi=ao&hl=en	dinakar@tamu.edu	Ph.D., Materials Engineering, Purdue University, 2013
358	Farzan Sasangohar	http://engineering.tamu.edu/industrial/people/fsasangohar	\N	http://scholar.google.com/citations?user=pw5eXZv0YCQC&hl=en&oi=ao&hl=en	sasangohar@tamu.edu	\N
359	Donald R. Smith	http://ise.tamu.edu/people/faculty/Smith/default.htm	http://engineering.tamu.edu/media/597778/donaldsmithcurriculum_vitae.htm	\N	dr-smith@tamu.edu	Ph.D in Industrial Engineering at the University of Arkansas in 1973
360	Ciriaco Valdez-Flores	http://engineering.tamu.edu/industrial/people/cvaldezflores	\N	\N	ciriacov@tamu.edu	\N
361	Jose Vazquez	http://engineering.tamu.edu/industrial/people/jvazquez	\N	\N	vazquez@tamu.edu	Texas A&M, BA
362	Shiren Wang	http://engineering.tamu.edu/industrial/people/wang-shiren	\N	http://scholar.google.com/citations?user=RNWHJDYAAAAJ&hl=en&oi=ao&hl=en	s.wang@tamu.edu	Doctoral of Philosophy, Industrial & Manufacturing Engineering/Nanomaterials processing, 2003- 2006, Florida State University 
363	Li Zeng	http://engineering.tamu.edu/industrial/people/zeng-li	http://engineering.tamu.edu/media/4103445/cv_li-zeng.pdf	http://scholar.google.com/citations?user=V7B65jYAAAAJ&hl=en&oi=ao&hl=en	lizeng@tamu.edu	PhD, Industrial Engineering, University of Wisconsin, Madison
364	Na Zou	http://engineering.tamu.edu/industrial/people/zou-na	\N	\N	nzou1@tamu.edu	Ph.D., Industrial Engineering, Arizona State University, Dec. 2015
365	Marvin L. Adams	http://engineering.tamu.edu/nuclear/people/madams	http://engineering.tamu.edu/media/2308280/adams-cv-115.pdf	\N	mladams@tamu.edu	Ph.D., Nuclear Engineering, University of Michigan, 1986
366	Gamal Akabani	http://engineering.tamu.edu/nuclear/people/akabani-gamal	http://engineering.tamu.edu/media/403858/akabani_s13_cv.pdf	\N	akabani@tamu.edu	Ph.D., Medical Physics, Texas A&M University, 1990
367	Sunil S. Chirayath	http://engineering.tamu.edu/nuclear/people/chirayath-sunil	http://engineering.tamu.edu/media/2623647/sunil_chirayath_cv_july_2015.pdf	\N	sunilsc@tamu.edu	Ph.D., Physics, University of Madras, India, 2005
368	John Ford	http://engineering.tamu.edu/nuclear/people/ford-john	http://engineering.tamu.edu/media/2308282/ford-cv-feb.pdf	\N	thasl@tamu.edu	Postdoc., Carcinogenesis, Oak Ridge National Laboratory, 1992-1993
369	Yassin A. Hassan	http://engineering.tamu.edu/nuclear/people/hassan-yassin-a	http://engineering.tamu.edu/media/3639207/hassan-resume.pdf	\N	y-hassan@tamu.edu	Ph.D., Nuclear Engineering, University of Illinois, 1980
370	Ernie Kee	http://engineering.tamu.edu/nuclear/people/kee-ernie	\N	\N	erniekee@tamu.edu	\N
371	Mark Kimber	http://engineering.tamu.edu/nuclear/people/kimber-mark	http://engineering.tamu.edu/media/2877223/cv_kimber_2015-4-1-.pdf	\N	\N	Ph.D. in Mechanical Engineering (2008), Purdue University
372	Cable Kurwitz	http://engineering.tamu.edu/nuclear/people/kurwitz-cable	http://engineering.tamu.edu/media/3639210/kurwitz-cv-5-2016.pdf	\N	kurwitz@tamu.edu	Ph.D., Nuclear Engineering, Texas A&M University, 2009
373	Craig Marianno	http://engineering.tamu.edu/nuclear/people/marianno-craig	http://engineering.tamu.edu/media/2308283/marianno-cv-115.pdf	\N	marianno@tamu.edu	Ph.D., Radiation Health Physics, Oregon State University, 2000
374	Ryan G. McClarren	http://engineering.tamu.edu/nuclear/people/mcclarren-ryan-g	http://engineering.tamu.edu/media/403894/mcclarren_s13_cv.pdf	\N	rgm@tamu.edu	Ph.D., Nuclear Engineering and Radiological Sciences, University of Michigan, 2007
375	Sean M. McDeavitt	http://engineering.tamu.edu/nuclear/people/mcdeavitt-sean-m	http://engineering.tamu.edu/media/403897/mcdeavitt_s13_cv.pdf	\N	mcdeavitt@tamu.edu	Ph.D., Nuclear Engineering, Purdue University, 1992
376	Warren "Pete" Miller	http://engineering.tamu.edu/nuclear/people/miller-warren-pete	http://engineering.tamu.edu/media/840467/miller_cv_2005.pdf	\N	wmiller@tamu.edu	Ph.D. Engineering Sciences, Northwestern University, 1973
377	Jim E. Morel	http://engineering.tamu.edu/nuclear/people/morel-jim-e	http://engineering.tamu.edu/media/403900/morel_s13_cv.pdf	\N	morel@tamu.edu	Ph.D., Nuclear Engineering, University of New Mexico, 1979
378	Thien Nguyen 	http://engineering.tamu.edu/nuclear/people/nguyen-thien	http://engineering.tamu.edu/media/3068955/thiennguyen_cv_short.pdf	\N	\N	Ph.D. in Civil Engineering (2010), Ristumeikan University, Japan.
379	Natela Ostrovskaya	http://engineering.tamu.edu/nuclear/people/ostrovskaya-natela	http://engineering.tamu.edu/media/403906/ostrovskayang__cv.pdf	\N	natela@tamu.edu	Ph.D., Nuclear Engineering Health Physics Program, Texas A&M University, 2005
380	Kenneth L. Peddicord	http://engineering.tamu.edu/nuclear/people/peddicord-kenneth-l	http://engineering.tamu.edu/media/403912/peddicord_s13_cv.pdf	\N	\N	Ph.D., Nuclear Engineering, University of Illinois, 1972
381	John W. Poston Sr.	http://engineering.tamu.edu/nuclear/people/poston-sr-john-w	http://engineering.tamu.edu/media/403915/poston_s13_cv.pdf	\N	j-poston@tamu.edu	Ph.D., Nuclear Engineering, Georgia Institute of Technology, 1971
382	Jean C. Ragusa	http://engineering.tamu.edu/nuclear/people/ragusa-jean-c	http://engineering.tamu.edu/media/2308284/ragusa_s13_cv-112055-am.pdf	\N	\N	Ph.D., Nuclear Engineering, Institut National Polytechnique de Grenoble, France, 2001
383	Richard Schultz	http://engineering.tamu.edu/nuclear/people/schultz-richard	http://engineering.tamu.edu/media/403924/rrschultz_cv_august_2013_rev0.pdf	\N	rschultz@tamu.edu	Ph.D. Nuclear Science & Engineering, Idaho State University, 2010
384	Lin Shao	http://engineering.tamu.edu/nuclear/people/shao-lin	http://engineering.tamu.edu/media/3371052/linshaocv2.doc	\N	lshao@tamu.edu	Ph.D., Physics, University of Houston, 2001
385	Pavel V. Tsvetkov	http://engineering.tamu.edu/nuclear/people/tsvetkov-pavel-v	http://engineering.tamu.edu/media/403930/tsvetkov_s13_cv.pdf	\N	tsvetkov@tamu.edu	Ph.D., Nuclear Engineering, Texas A&M University, 2002
386	Galina V. Tsvetkova	http://engineering.tamu.edu/nuclear/people/tsvetkova-galina-v	http://engineering.tamu.edu/media/2308285/cv-gtsvetkova03_2015.pdf	\N	tsvetkovag@tamu.edu	Ph.D., Nuclear Engineering, Texas A&M Univeristy, 2003
387	Rodolfo Vaghetto	http://engineering.tamu.edu/nuclear/people/vaghetto-rodlofo	\N	\N	r.vaghetto@tamu.edu	PhD in Nuclear Engineering – Texas A&M University (2013)  
388	Karen Vierow	http://engineering.tamu.edu/nuclear/people/vierow-karen	http://engineering.tamu.edu/media/2308286/vierow-vita-141223.pdf	\N	vierow@tamu.edu	Ph.D., Quantum Engineering and System Sciences, University of Tokyo
389	Kuang-An Chang	http://ceprofs.civil.tamu.edu/kchang/	http://engineering.tamu.edu/media/2750939/chang-cv.doc	http://scholar.google.com/citations?user=WBE7z6sAAAAJ&hl&hl=en	\N	Ph.D.,Cornell University,1999 
390	Hamn-Ching Chen	http://engineering.tamu.edu/ocean/people/chen-hamn-ching	http://engineering.tamu.edu/media/2781337/hcchen_cv.pdf	http://scholar.google.com/citations?user=ZCehB2oAAAAJ&hl&hl=en	\N	Ph.D., University of Iowa, 1982
391	Jeffrey Falzarano	http://engineering.tamu.edu/ocean/people/falzarano-jeffery	http://engineering.tamu.edu/media/2781339/falzarano-cv.pdf	http://scholar.google.com/citations?user=LYKd2VEAAAAJ&hl&hl=en	\N	Ph.D.,University of Michigan, 1990
392	Jens Figlus	http://engineering.tamu.edu/ocean/people/figlus-jens	http://engineering.tamu.edu/media/2830033/figlus-research-interests-and-cv.pdf	http://scholar.google.com/citations?user=gyarEsEAAAAJ&hl&hl=en	 figlusj@tamug.edu	Ph.D., University of Delaware, USA (2010)
393	Sharath Girimaji	http://engineering.tamu.edu/ocean/people/girimaji-sharath	\N	http://scholar.google.com/citations?user=8yJYMO8AAAAJ&hl&hl=en	girimaji@tamu.edu	Ph.D., Cornell University, 1990
394	Robert Gordon	http://engineering.tamu.edu/ocean/people/gordon-robert	\N	\N	\N	\N
395	Barton D. Grasso	http://engineering.tamu.edu/ocean/people/grasso-barton	\N	\N	grassob@tamu.edu	\N
396	Matthew Greer	http://engineering.tamu.edu/ocean/people/greer-matthew	\N	\N	mngreer@tamu.edu	\N
397	Masoud Hayatdavoodi	http://engineering.tamu.edu/ocean/people/hayatdavoodi-masoud	http://engineering.tamu.edu/media/2825662/cv-tamu-hayatdavoodi.pdf	http://scholar.google.com/citations?user=c4WWnsUAAAAJ&hl&hl=en	masoud@tamu.edu	Ph.D., University of Hawaii, 2013
398	Juan J. Horrillo	http://engineering.tamu.edu/ocean/people/horrillo-juan-j	http://engineering.tamu.edu/media/2825642/juan_cv1.pdf	http://scholar.google.com/citations?user=Jcg9H2AAAAAJ&hl&hl=en	horrillj@tamug.edu	Ph.D.,University of Alaska Fairbanks, USA, 2006
399	Jun Jin	http://engineering.tamu.edu/ocean/people/jin-jun	http://engineering.tamu.edu/media/2877254/jin-jun.pdf	\N	jinj@tamu.edu	B.S. Harbin Engineering University, China, 1991
400	Moo-Hyun Kim	http://ceprofs.civil.tamu.edu/mhkim/	http://engineering.tamu.edu/media/2781340/mhkimcv_new.pdf	\N	m-kim3@tamu.edu	Ph.D., Massachusetts Institute of Technology, 1988 
401	Paul Koola	http://engineering.tamu.edu/ocean/people/koola-paul	\N	\N	paulmkoola@tamu.edu	\N
402	Chan Kyu Yang	http://engineering.tamu.edu/ocean/people/kyu-yang-chan	\N	\N	chankyang@gmail.com	\N
403	John Niedzwecki	http://engineering.tamu.edu/ocean/people/niedzwecki-john	\N	\N	\N	Ph.D., Catholic University of America, 1978
404	Vijay Panchang	http://engineering.tamu.edu/ocean/people/panchang-vijaykumar-g	\N	http://scholar.google.com/citations?user=11283640055939137583&hl=en	panchanv@tamug.edu	B.E. (Civil), University of Poona, India, 1980
405	Robert Randall	http://engineering.tamu.edu/ocean/people/randall-robert	http://engineering.tamu.edu/media/2750937/randall-bio-for-oe-web-site-aug-2015.docx	\N	r-randall@tamu.edu	 Ph.D., University of Rhode Island, 1972
406	Ignacio Rodriguez-Iturbe	http://engineering.tamu.edu/ocean/people/rogriguez-iturbe-ignacio	\N	http://scholar.google.com/citations?user=GSyUS9wAAAAJ&hl=ja&hl=en	\N	Ph.D., Colorado State University, 1967
407	Surupa Shaw	http://engineering.tamu.edu/ocean/people/shaw-surupa	\N	\N	\N	\N
408	Robert Skelton	http://engineering.tamu.edu/ocean/people/skelton-robert	http://engineering.tamu.edu/media/3930692/gr_skelton1_08112016.pdf	http://scholar.google.com/citations?user=sqWgfRkAAAAJ&hl&hl=en	bobskelton@tamu.edu	\N
409	John A. "Bert" Sweetman	http://engineering.tamu.edu/ocean/people/sweetman-john-a	\N	http://scholar.google.com/citations?user=o3FP_SkAAAAJ&hl&hl=en	sweetman@tamu.edu	Ph.D., Stanford University, 2003
410	Amanda L. Wood	http://engineering.tamu.edu/ocean/people/wood-amanda-l	http://engineering.tamu.edu/media/2830041/amanda-wood-cv.pdf	\N	wooda@tamug.edu	Ph.D., University of Houston, 2010
411	Sara Abedi	http://engineering.tamu.edu/petroleum/people/sabedi	\N	http://scholar.google.com/citations?user=jfmg4jMAAAAJ&hl=en&hl=en	sara.abedi@tamu.edu	Postdoctoral Associate, Massachusetts Institute of Technology
412	I. Yucel Akkutlu 	http://engineering.tamu.edu/petroleum/people/iyakkutlu	http://engineering.tamu.edu/media/569604/akkutlu_i-yucel_cv2015.pdf	http://scholar.google.com/citations?user=7-iJhXUAAAAJ&hl=en&hl=en	akkutlu@tamu.edu	2002 Ph.D. Petroleum Engineering, University of Southern California, Los Angeles, USA
413	Maria A. Barrufet	http://engineering.tamu.edu/petroleum/people/mbarrufet	http://engineering.tamu.edu/media/570324/mbarrufet_vita_2014.pdf	http://scholar.google.com/citations?user=VWtdqgcAAAAJ&hl=en&hl=en	barrufet@tamu.edu	PhD, Chemical Engineering, Texas A&M University, 1987
414	Thomas A. Blasingame	http://engineering.tamu.edu/petroleum/people/tblasingame	\N	http://scholar.google.com/citations?user=UpW35usAAAAJ&hl=en&hl=en	\N	PhD, Petroleum Engineering, Texas A&M University, 1989
415	Akhil Datta-Gupta	http://www.pe.tamu.edu/mceri/	\N	http://scholar.google.com/citations?user=Al-SABYAAAAJ&hl=en&hl=en	\N	PhD, Petroleum Engineering, University of Texas at Austin, 1992 
416	Eduardo Gildin 	http://engineering.tamu.edu/petroleum/people/egildin	http://engineering.tamu.edu/media/990298/egildin_cv_oct2013.pdf	http://scholar.google.com/citations?user=x8Cr7AMAAAAJ&hl=en&hl=en	egildin@tamu.edu	PhD, Aerospace Engineering, University of Texas at Austin, 2006
417	A. Rashid Hasan	http://engineering.tamu.edu/petroleum/people/rhasan	http://engineering.tamu.edu/media/572056/arhasan_cv.pdf	http://scholar.google.com/citations?user=6lMXDd0AAAAJ&hl=en&hl=en	rhasan@tamu.edu	PhD, Chemical Engineering, University of Waterloo, Waterloo, Ontario, Canada, 1979
418	Berna Hascakir 	http://www.hascakir.com/	\N	http://scholar.google.com/citations?user=wdJYAO4AAAAJ&hl=en&hl=en	hascakir@tamu.edu	Postdoctoral Scholar, Energy Resources Engineering, Stanford University, CA, USA, 2008-2010
419	A. Daniel Hill	http://engineering.tamu.edu/petroleum/people/adhill	\N	http://scholar.google.com/citations?user=EBnWDgMAAAAJ&hl=en&hl=en	danhill@tamu.edu	PhD, Ch.E., The University of Texas, Austin, Texas 1978
420	Stephen A. Holditch	http://engineering.tamu.edu/petroleum/people/sholditch	\N	http://scholar.google.com/citations?user=fAfmZqQAAAAJ&hl=en&hl=en	holditch@tamu.edu	PhD, Petroleum Engineering, Texas A&M University, 1976
421	John Killough	http://www.pe.tamu.edu/Killough-Group/index.html	\N	http://scholar.google.com/citations?user=qZZyzioAAAAJ&hl=en&hl=en	jkillough@tamu.edu	PhD, Math Sciences, Rice University, Houston, Texas
422	Jihoon Kim	http://engineering.tamu.edu/petroleum/people/kim-jihoon	\N	http://scholar.google.com/citations?user=wSFhoE8AAAAJ&hl=en&hl=en	jihoon.kim@tamu.edu	PhD, Petroleum Engineering, Stanford University, Palo Alto, CA, USA
423	Michael King	http://www.pe.tamu.edu/mceri/	http://engineering.tamu.edu/media/574388/king_cv_2011.pdf	http://scholar.google.com/citations?user=fRX4WUQAAAAJ&hl=en&hl=en	mike.king@tamu.edu	PhD, Physics, Syracuse University, Syracuse, New York 1980
424	John Lee	http://engineering.tamu.edu/petroleum/people/jlee	\N	http://scholar.google.com/citations?user=xXx-tV0AAAAJ&hl=en&hl=en	john-lee@tamu.edu	PhD, Chemical Engineering, Georgia Institute of Technology, 1963
425	Jenn-Tai Liang	http://engineering.tamu.edu/petroleum/people/liang-jenn-tai	\N	http://scholar.google.com/citations?user=nITcqYUAAAAJ&hl=en&hl=en	\N	PhD, Petroleum Engineering, University of Texas at Austin
426	Duane A. McVay	http://engineering.tamu.edu/petroleum/people/dmcvay	http://engineering.tamu.edu/media/577336/mcvaycv_may2010.pdf	http://scholar.google.com/citations?user=SNONsX0AAAAJ&hl=en&hl=en	mcvay@tamu.edu	PhD, Petroleum Engineering, Texas A&M University, 1994
427	Nobuo Morita	http://engineering.tamu.edu/petroleum/people/nmorita	\N	http://scholar.google.com/citations?user=AhDZF_cAAAAJ&hl=en&hl=en	\N	PhD, Petroleum Engineering, University of Texas at Austin, USA, 1974
428	Hadi Nasrabadi	http://hadinasrabadi.com	\N	http://scholar.google.com/citations?user=O-Za5DEAAAAJ&hl=en&hl=en	\N	PhD, Petroleum Engineering, Imperial College, London, UK, 2006 
429	Hisham Nasr-El-Din	http://engineering.tamu.edu/petroleum/people/hnasreldin	http://engineering.tamu.edu/media/599931/nasreldin_cv.pdf	http://scholar.google.com/citations?user=iSrdgOYAAAAJ&hl=en&hl=en	\N	PhD, Chemical Engineering, University of Saskatchewan, Canada, 1984 
430	Sam Noynaert	http://engineering.tamu.edu/petroleum/people/snoynaert	\N	http://scholar.google.com/citations?user=mj99sigAAAAJ&hl=en&hl=en	noynaert@tamu.edu	PhD, Petroleum Engineering, Texas A&M University, College Station, Texas, 2013
431	David Schechter	http://schechter.tamu.edu/	\N	http://scholar.google.com/citations?user=QO_066wAAAAJ&hl=en&hl=en	\N	PhD, Physical Chemistry, Bristol University, England, 1988
432	Jerome Schubert	http://engineering.tamu.edu/petroleum/people/jschubert	\N	http://scholar.google.com/citations?user=ZFd6HrUAAAAJ&hl=en&hl=en	jschubert@tamu.edu	PhD, Texas A&M University, 1999
433	Peter Valkó	http://www.pe.tamu.edu/valko/public_html/index.htm	http://www.pe.tamu.edu/valko/public_html/CV/Full.htm	http://scholar.google.com/citations?user=7DUMmEwAAAAJ&hl=en&hl=en	p-valko@tamu.edu	PhD equivalent (Candidate of Sciences), Institute of Catalysis , Novosibirsk , USSR , 1981 
434	Ruud Weijermars	http://engineering.tamu.edu/petroleum/people/weijermars-ruud	\N	http://scholar.google.com/citations?user=8FCxuYYAAAAJ&hl=en&hl=en	\N	Habilitation, University of Uppsala, Sweden, 1991
435	Kan Wu	http://engineering.tamu.edu/petroleum/people/kwu	\N	http://scholar.google.com/citations?user=Jaa7NtAAAAAJ&hl=en&hl=en	kan.wu@tamu.edu	PhD, Petroleum Engineering, The University of Texas at Austin
436	Ding Zhu	http://engineering.tamu.edu/petroleum/people/dzhu	\N	http://scholar.google.com/citations?user=flJOKqQAAAAJ&hl=en&hl=en	dingzhu@tamu.edu	PhD, Petroleum Engineering, The University of Texas at Austin, Austin, Texas, 1992
